Days_Count,population,Area,Density,count
1,1,0.5,2.0,0
2,1,0.5,2.0,0
3,1,0.5,2.0,2
4,1,0.5,2.0,6
5,1,0.5,2.0,9
6,1,0.5,2.0,13
7,1,0.5,2.0,16
8,1,0.5,2.0,18
9,1,0.5,2.0,21
11,1,0.5,2.0,28
12,1,0.5,2.0,37
13,1,0.5,2.0,40
14,1,0.5,2.0,43
15,1,0.5,2.0,46
16,1,0.5,2.0,48
17,1,0.5,2.0,50
1,1,0.5,2.0,0
2,1,0.5,2.0,0
3,1,0.5,2.0,4
4,1,0.5,2.0,10
5,1,0.5,2.0,16
6,1,0.5,2.0,20
7,1,0.5,2.0,24
8,1,0.5,2.0,25
9,1,0.5,2.0,32
11,1,0.5,2.0,46
12,1,0.5,2.0,55
13,1,0.5,2.0,63
14,1,0.5,2.0,72
15,1,0.5,2.0,79
16,1,0.5,2.0,82
17,1,0.5,2.0,85
18,1,0.5,2.0,87
19,1,0.5,2.0,89
20,1,0.5,2.0,90
21,1,0.5,2.0,93
22,1,0.5,2.0,95
1,1,0.5,2.0,0
2,1,0.5,2.0,6
3,1,0.5,2.0,10
4,1,0.5,2.0,14
5,1,0.5,2.0,16
6,1,0.5,2.0,20
7,1,0.5,2.0,23
8,1,0.5,2.0,29
10,1,0.5,2.0,37
11,1,0.5,2.0,41
12,1,0.5,2.0,45
13,1,0.5,2.0,48
14,1,0.5,2.0,51
15,1,0.5,2.0,53
16,1,0.5,2.0,54
1,1,0.5,2.0,0
2,1,0.5,2.0,0
3,1,0.5,2.0,0
4,1,0.5,2.0,0
5,1,0.5,2.0,0
6,1,0.5,2.0,0
7,1,0.5,2.0,0
8,1,0.5,2.0,0
9,1,0.5,2.0,0
10,1,0.5,2.0,0
11,1,0.5,2.0,0
12,1,0.5,2.0,0
1,1,0.5,2.0,0
2,1,0.5,2.0,5
3,1,0.5,2.0,10
4,1,0.5,2.0,15
5,1,0.5,2.0,17
6,1,0.5,2.0,22
7,1,0.5,2.0,23
8,1,0.5,2.0,27
10,1,0.5,2.0,33
11,1,0.5,2.0,39
12,1,0.5,2.0,46
13,1,0.5,2.0,54
14,1,0.5,2.0,61
15,1,0.5,2.0,64
16,1,0.5,2.0,65
17,1,0.5,2.0,66
1,1,0.5,2.0,0
2,1,0.5,2.0,3
3,1,0.5,2.0,6
4,1,0.5,2.0,9
5,1,0.5,2.0,12
6,1,0.5,2.0,15
7,1,0.5,2.0,16
8,1,0.5,2.0,19
10,1,0.5,2.0,26
11,1,0.5,2.0,30
12,1,0.5,2.0,35
13,1,0.5,2.0,38
14,1,0.5,2.0,41
15,1,0.5,2.0,43
16,1,0.5,2.0,44
1,1,0.5,2.0,0
2,1,0.5,2.0,4
3,1,0.5,2.0,10
4,1,0.5,2.0,16
5,1,0.5,2.0,21
6,1,0.5,2.0,25
7,1,0.5,2.0,26
8,1,0.5,2.0,30
9,1,0.5,2.0,30
10,1,0.5,2.0,37
11,1,0.5,2.0,40
12,1,0.5,2.0,45
13,1,0.5,2.0,49
14,1,0.5,2.0,54
15,1,0.5,2.0,58
16,1,0.5,2.0,60
1,1,0.5,2.0,0
2,1,0.5,2.0,2
3,1,0.5,2.0,5
4,1,0.5,2.0,9
5,1,0.5,2.0,14
6,1,0.5,2.0,18
7,1,0.5,2.0,19
8,1,0.5,2.0,23
9,1,0.5,2.0,23
10,1,0.5,2.0,31
11,1,0.5,2.0,37
12,1,0.5,2.0,42
13,1,0.5,2.0,44
14,1,0.5,2.0,46
15,1,0.5,2.0,46
1,1,0.5,2.0,0
2,1,0.5,2.0,3
3,1,0.5,2.0,7
4,1,0.5,2.0,11
5,1,0.5,2.0,16
6,1,0.5,2.0,22
7,1,0.5,2.0,28
8,1,0.5,2.0,30
9,1,0.5,2.0,30
10,1,0.5,2.0,37
11,1,0.5,2.0,40
12,1,0.5,2.0,43
13,1,0.5,2.0,47
14,1,0.5,2.0,51
15,1,0.5,2.0,51
1,1,0.5,2.0,0
2,1,0.5,2.0,2
3,1,0.5,2.0,4
4,1,0.5,2.0,6
5,1,0.5,2.0,8
6,1,0.5,2.0,12
7,1,0.5,2.0,18
8,1,0.5,2.0,18
9,1,0.5,2.0,28
10,1,0.5,2.0,35
11,1,0.5,2.0,38
12,1,0.5,2.0,47
13,1,0.5,2.0,53
14,1,0.5,2.0,58
15,1,0.5,2.0,61
16,1,0.5,2.0,63
1,1,0.5,2.0,1
2,1,0.5,2.0,4
3,1,0.5,2.0,7
4,1,0.5,2.0,11
5,1,0.5,2.0,13
6,1,0.5,2.0,16
7,1,0.5,2.0,21
8,1,0.5,2.0,21
9,1,0.5,2.0,26
10,1,0.5,2.0,29
11,1,0.5,2.0,34
12,1,0.5,2.0,38
13,1,0.5,2.0,42
14,1,0.5,2.0,44
15,1,0.5,2.0,46
1,1,0.5,2.0,0
2,1,0.5,2.0,1
3,1,0.5,2.0,3
4,1,0.5,2.0,5
5,1,0.5,2.0,6
6,1,0.5,2.0,9
7,1,0.5,2.0,13
8,1,0.5,2.0,13
9,1,0.5,2.0,21
10,1,0.5,2.0,26
11,1,0.5,2.0,28
12,1,0.5,2.0,32
13,1,0.5,2.0,35
14,1,0.5,2.0,35
1,1,0.5,2.0,0
2,1,0.5,2.0,3
3,1,0.5,2.0,6
4,1,0.5,2.0,9
5,1,0.5,2.0,9
6,1,0.5,2.0,16
7,1,0.5,2.0,21
8,1,0.5,2.0,23
9,1,0.5,2.0,27
10,1,0.5,2.0,30
11,1,0.5,2.0,32
12,1,0.5,2.0,36
13,1,0.5,2.0,41
14,1,0.5,2.0,44
15,1,0.5,2.0,45
1,1,0.5,2.0,0
2,1,0.5,2.0,0
3,1,0.5,2.0,0
4,1,0.5,2.0,1
5,1,0.5,2.0,5
6,1,0.5,2.0,13
7,1,0.5,2.0,19
8,1,0.5,2.0,23
9,1,0.5,2.0,25
10,1,0.5,2.0,29
11,1,0.5,2.0,32
12,1,0.5,2.0,35
13,1,0.5,2.0,38
14,1,0.5,2.0,41
15,1,0.5,2.0,44
16,1,0.5,2.0,46
17,1,0.5,2.0,48
1,1,0.5,2.0,0
2,1,0.5,2.0,0
3,1,0.5,2.0,8
4,1,0.5,2.0,13
5,1,0.5,2.0,17
6,1,0.5,2.0,24
7,1,0.5,2.0,30
8,1,0.5,2.0,31
9,1,0.5,2.0,32
10,1,0.5,2.0,35
11,1,0.5,2.0,39
12,1,0.5,2.0,42
13,1,0.5,2.0,45
14,1,0.5,2.0,49
15,1,0.5,2.0,52
16,1,0.5,2.0,53
1,1,0.5,2.0,0
2,1,0.5,2.0,0
3,1,0.5,2.0,5
4,1,0.5,2.0,12
5,1,0.5,2.0,17
6,1,0.5,2.0,22
7,1,0.5,2.0,26
8,1,0.5,2.0,28
9,1,0.5,2.0,31
10,1,0.5,2.0,35
11,1,0.5,2.0,38
12,1,0.5,2.0,40
13,1,0.5,2.0,41
14,1,0.5,2.0,41
1,1,0.5,2.0,0
2,1,0.5,2.0,0
3,1,0.5,2.0,3
4,1,0.5,2.0,10
5,1,0.5,2.0,16
6,1,0.5,2.0,25
7,1,0.5,2.0,33
8,1,0.5,2.0,37
9,1,0.5,2.0,42
10,1,0.5,2.0,43
11,1,0.5,2.0,43
12,1,0.5,2.0,45
13,1,0.5,2.0,48
14,1,0.5,2.0,53
15,1,0.5,2.0,57
16,1,0.5,2.0,59
17,1,0.5,2.0,59
1,1,0.5,2.0,0
2,1,0.5,2.0,0
3,1,0.5,2.0,5
4,1,0.5,2.0,8
5,1,0.5,2.0,16
6,1,0.5,2.0,25
7,1,0.5,2.0,27
8,1,0.5,2.0,29
9,1,0.5,2.0,33
10,1,0.5,2.0,38
11,1,0.5,2.0,41
12,1,0.5,2.0,45
13,1,0.5,2.0,52
14,1,0.5,2.0,57
15,1,0.5,2.0,60
16,1,0.5,2.0,61
17,1,0.5,2.0,61
1,1,0.5,2.0,0
2,1,0.5,2.0,0
3,1,0.5,2.0,1
4,1,0.5,2.0,5
5,1,0.5,2.0,9
6,1,0.5,2.0,14
7,1,0.5,2.0,20
8,1,0.5,2.0,22
9,1,0.5,2.0,22
10,1,0.5,2.0,25
11,1,0.5,2.0,28
12,1,0.5,2.0,32
13,1,0.5,2.0,35
14,1,0.5,2.0,40
15,1,0.5,2.0,42
16,1,0.5,2.0,44
1,1,0.5,2.0,1
2,1,0.5,2.0,6
3,1,0.5,2.0,11
4,1,0.5,2.0,16
5,1,0.5,2.0,20
6,1,0.5,2.0,25
7,1,0.5,2.0,27
8,1,0.5,2.0,28
9,1,0.5,2.0,30
10,1,0.5,2.0,34
11,1,0.5,2.0,38
12,1,0.5,2.0,41
13,1,0.5,2.0,43
14,1,0.5,2.0,43
1,1,0.5,2.0,2
2,1,0.5,2.0,7
3,1,0.5,2.0,13
4,1,0.5,2.0,19
5,1,0.5,2.0,24
6,1,0.5,2.0,28
7,1,0.5,2.0,30
8,1,0.5,2.0,31
9,1,0.5,2.0,34
10,1,0.5,2.0,37
11,1,0.5,2.0,40
12,1,0.5,2.0,42
13,1,0.5,2.0,45
14,1,0.5,2.0,45
1,1,0.5,2.0,0
2,1,0.5,2.0,0
3,1,0.5,2.0,0
4,1,0.5,2.0,0
5,1,0.5,2.0,0
6,1,0.5,2.0,0
7,1,0.5,2.0,0
8,1,0.5,2.0,0
9,1,0.5,2.0,0
10,1,0.5,2.0,0
11,1,0.5,2.0,0
12,1,0.5,2.0,0
13,1,0.5,2.0,0
14,1,0.5,2.0,0
1,1,0.5,2.0,0
2,1,0.5,2.0,4
3,1,0.5,2.0,8
4,1,0.5,2.0,11
5,1,0.5,2.0,16
6,1,0.5,2.0,21
7,1,0.5,2.0,24
8,1,0.5,2.0,25
9,1,0.5,2.0,27
10,1,0.5,2.0,29
11,1,0.5,2.0,31
12,1,0.5,2.0,33
13,1,0.5,2.0,36
1,1,0.5,2.0,0
2,1,0.5,2.0,4
3,1,0.5,2.0,8
4,1,0.5,2.0,12
5,1,0.5,2.0,18
6,1,0.5,2.0,18
7,1,0.5,2.0,18
8,1,0.5,2.0,18
9,1,0.5,2.0,18
10,1,0.5,2.0,18
11,1,0.5,2.0,18
12,1,0.5,2.0,18
13,1,0.5,2.0,18
14,1,0.5,2.0,18
1,1,0.5,2.0,1
2,1,0.5,2.0,6
3,1,0.5,2.0,13
4,1,0.5,2.0,13
5,1,0.5,2.0,13
6,1,0.5,2.0,13
7,1,0.5,2.0,13
8,1,0.5,2.0,13
9,1,0.5,2.0,13
10,1,0.5,2.0,13
11,1,0.5,2.0,13
12,1,0.5,2.0,13
13,1,0.5,2.0,13
14,1,0.5,2.0,13
1,1,0.5,2.0,0
2,1,0.5,2.0,5
3,1,0.5,2.0,10
4,1,0.5,2.0,15
5,1,0.5,2.0,17
6,1,0.5,2.0,17
7,1,0.5,2.0,17
8,1,0.5,2.0,17
9,1,0.5,2.0,17
10,1,0.5,2.0,17
11,1,0.5,2.0,17
12,1,0.5,2.0,17
13,1,0.5,2.0,17
1,1,0.5,2.0,0
2,1,0.5,2.0,4
3,1,0.5,2.0,10
4,1,0.5,2.0,13
5,1,0.5,2.0,13
6,1,0.5,2.0,13
7,1,0.5,2.0,13
8,1,0.5,2.0,13
9,1,0.5,2.0,13
10,1,0.5,2.0,13
11,1,0.5,2.0,13
12,1,0.5,2.0,13
1,1,0.5,2.0,1
2,1,0.5,2.0,5
3,1,0.5,2.0,9
4,1,0.5,2.0,13
5,1,0.5,2.0,13
6,1,0.5,2.0,13
7,1,0.5,2.0,13
8,1,0.5,2.0,13
9,1,0.5,2.0,13
10,1,0.5,2.0,13
11,1,0.5,2.0,13
12,1,0.5,2.0,13
13,1,0.5,2.0,13
1,1,0.5,2.0,0
2,1,0.5,2.0,4
3,1,0.5,2.0,7
4,1,0.5,2.0,13
5,1,0.5,2.0,13
6,1,0.5,2.0,13
7,1,0.5,2.0,13
8,1,0.5,2.0,13
9,1,0.5,2.0,13
10,1,0.5,2.0,13
11,1,0.5,2.0,13
12,1,0.5,2.0,13
13,1,0.5,2.0,13
1,5,2.5,2.0,0
2,5,2.5,2.0,0
3,5,2.5,2.0,8
4,4,2.5,1.6,15
5,4,2.5,1.6,20
6,3,2.5,1.2,21
7,3,2.5,1.2,23
8,2,2.5,0.8,25
9,2,2.5,0.8,31
11,2,2.5,0.8,43
12,2,2.5,0.8,51
13,2,2.5,0.8,56
14,2,2.5,0.8,64
15,2,2.5,0.8,70
16,2,2.5,0.8,74
17,2,2.5,0.8,76
18,2,2.5,0.8,77
19,2,2.5,0.8,79
20,2,2.5,0.8,81
21,2,2.5,0.8,83
22,2,2.5,0.8,85
23,1,2.5,0.4,86
1,5,2.5,2.0,0
2,5,2.5,2.0,11
3,5,2.5,2.0,32
4,5,2.5,2.0,48
5,5,2.5,2.0,66
6,5,2.5,2.0,76
7,5,2.5,2.0,93
8,4,2.5,1.6,104
9,3,2.5,1.2,112
11,3,2.5,1.2,126
1,5,2.5,2.0,0
2,5,2.5,2.0,4
3,5,2.5,2.0,20
4,5,2.5,2.0,28
5,3,2.5,1.2,33
6,2,2.5,0.8,36
7,2,2.5,0.8,40
8,2,2.5,0.8,47
10,3,2.5,1.2,63
11,2,2.5,0.8,75
12,2,2.5,0.8,82
13,2,2.5,0.8,96
14,2,2.5,0.8,100
15,1,2.5,0.4,101
16,1,2.5,0.4,101
17,1,2.5,0.4,101
1,5,2.5,2.0,0
2,5,2.5,2.0,7
3,5,2.5,2.0,17
4,5,2.5,2.0,44
6,5,2.5,2.0,76
7,4,2.5,1.6,91
8,3,2.5,1.2,98
9,1,2.5,0.4,99
10,1,2.5,0.4,100
11,1,2.5,0.4,101
12,1,2.5,0.4,103
13,1,2.5,0.4,107
14,1,2.5,0.4,112
15,1,2.5,0.4,115
16,1,2.5,0.4,119
17,1,2.5,0.4,121
18,1,2.5,0.4,123
19,1,2.5,0.4,124
1,5,2.5,2.0,0
2,5,2.5,2.0,6
3,5,2.5,2.0,16
4,5,2.5,2.0,34
6,3,2.5,1.2,51
7,3,2.5,1.2,69
8,2,2.5,0.8,75
9,2,2.5,0.8,88
10,2,2.5,0.8,95
11,2,2.5,0.8,99
12,2,2.5,0.8,101
13,2,2.5,0.8,104
14,2,2.5,0.8,106
1,5,2.5,2.0,0
2,5,2.5,2.0,2
3,5,2.5,2.0,6
4,5,2.5,2.0,18
6,4,2.5,1.6,47
7,4,2.5,1.6,58
8,4,2.5,1.6,68
9,3,2.5,1.2,79
10,2,2.5,0.8,94
11,2,2.5,0.8,102
12,2,2.5,0.8,108
13,2,2.5,0.8,112
14,2,2.5,0.8,116
15,2,2.5,0.8,122
16,2,2.5,0.8,128
17,2,2.5,0.8,132
18,2,2.5,0.8,135
19,1,2.5,0.4,136
20,1,2.5,0.4,136
21,1,2.5,0.4,136
1,5,2.5,2.0,0
3,4,2.5,1.6,15
4,4,2.5,1.6,30
5,4,2.5,1.6,40
6,4,2.5,1.6,61
7,3,2.5,1.2,78
8,2,2.5,0.8,82
9,2,2.5,0.8,85
10,1,2.5,0.4,88
2,4,2.5,1.6,12
3,4,2.5,1.6,38
4,3,2.5,1.2,52
5,3,2.5,1.2,64
6,3,2.5,1.2,77
7,2,2.5,0.8,89
8,2,2.5,0.8,101
9,2,2.5,0.8,105
10,2,2.5,0.8,108
11,2,2.5,0.8,111
12,2,2.5,0.8,111
13,1,2.5,0.4,111
1,0,2.5,0.0,0
2,5,2.5,2.0,7
3,4,2.5,1.6,14
4,4,2.5,1.6,25
5,4,2.5,1.6,45
6,3,2.5,1.2,65
7,3,2.5,1.2,67
8,3,2.5,1.2,73
9,3,2.5,1.2,80
10,3,2.5,1.2,85
11,2,2.5,0.8,90
12,2,2.5,0.8,95
13,2,2.5,0.8,99
14,1,2.5,0.4,102
15,1,2.5,0.4,105
16,1,2.5,0.4,106
17,1,2.5,0.4,0
18,1,2.5,0.4,0
1,0,2.5,0.0,0
2,5,2.5,2.0,7
3,3,2.5,1.2,25
4,2,2.5,0.8,34
5,5,2.5,2.0,57
6,1,2.5,0.4,76
7,1,2.5,0.4,82
8,1,2.5,0.4,87
9,1,2.5,0.4,92
10,1,2.5,0.4,98
11,1,2.5,0.4,105
12,1,2.5,0.4,112
13,1,2.5,0.4,118
14,1,2.5,0.4,120
15,1,2.5,0.4,121
16,1,2.5,0.4,121
2,5,2.5,2.0,12
3,5,2.5,2.0,44
4,5,2.5,2.0,66
5,5,2.5,2.0,94
6,3,2.5,1.2,121
7,2,2.5,0.8,126
8,1,2.5,0.4,133
9,1,2.5,0.4,138
10,1,2.5,0.4,143
11,1,2.5,0.4,148
12,1,2.5,0.4,155
13,1,2.5,0.4,159
14,1,2.5,0.4,161
15,1,2.5,0.4,162
16,1,2.5,0.4,163
17,1,2.5,0.4,163
1,5,2.5,2.0,0
2,5,2.5,2.0,16
3,5,2.5,2.0,33
4,2,2.5,0.8,45
5,2,2.5,0.8,52
6,2,2.5,0.8,60
7,2,2.5,0.8,67
8,1,2.5,0.4,70
9,1,2.5,0.4,73
10,1,2.5,0.4,75
1,5,2.5,2.0,0
2,5,2.5,2.0,12
3,5,2.5,2.0,27
4,4,2.5,1.6,35
5,3,2.5,1.2,42
6,3,2.5,1.2,47
7,3,2.5,1.2,53
8,3,2.5,1.2,59
9,3,2.5,1.2,63
1,5,2.5,2.0,0
2,5,2.5,2.0,15
3,5,2.5,2.0,26
4,5,2.5,2.0,36
5,5,2.5,2.0,49
6,5,2.5,2.0,65
7,5,2.5,2.0,76
8,5,2.5,2.0,90
9,5,2.5,2.0,98
10,5,2.5,2.0,109
11,4,2.5,1.6,113
12,4,2.5,1.6,123
13,3,2.5,1.2,130
1,5,2.5,2.0,12
2,4,2.5,1.6,22
3,4,2.5,1.6,32
4,4,2.5,1.6,42
5,4,2.5,1.6,51
6,4,2.5,1.6,57
7,4,2.5,1.6,60
8,2,2.5,0.8,61
9,1,2.5,0.4,61
1,5,2.5,2.0,0
2,4,2.5,1.6,8
3,3,2.5,1.2,26
1,5,2.5,2.0,0
2,4,2.5,1.6,9
3,4,2.5,1.6,27
1,5,2.5,2.0,5
2,5,2.5,2.0,14
3,5,2.5,2.0,36
4,5,2.5,2.0,57
1,5,2.5,2.0,3
2,5,2.5,2.0,16
3,5,2.5,2.0,37
1,5,2.5,2.0,1
2,5,2.5,2.0,14
3,5,2.5,2.0,35
1,5,2.5,2.0,5
2,5,2.5,2.0,14
3,4,2.5,1.6,33
1,5,2.5,2.0,10
2,5,2.5,2.0,31
1,5,2.5,2.0,5
2,5,2.5,2.0,17
1,5,2.5,2.0,5
2,5,2.5,2.0,17
1,5,2.5,2.0,5
2,5,2.5,2.0,18
1,5,2.5,2.0,0
2,5,2.5,2.0,7
1,5,2.5,2.0,5
1,5,2.5,2.0,4
1,10,5.0,2.0,0
2,10,5.0,2.0,41
3,10,5.0,2.0,64
4,9,5.0,1.8,96
5,9,5.0,1.8,121
6,8,5.0,1.6,134
7,7,5.0,1.4,148
8,6,5.0,1.2,167
10,5,5.0,1.0,181
11,5,5.0,1.0,196
12,5,5.0,1.0,214
13,5,5.0,1.0,232
14,5,5.0,1.0,249
15,5,5.0,1.0,271
16,4,5.0,0.8,286
17,4,5.0,0.8,297
18,3,5.0,0.6,306
19,3,5.0,0.6,313
20,2,5.0,0.4,320
21,2,5.0,0.4,331
22,1,5.0,0.2,337
23,1,5.0,0.2,340
24,1,5.0,0.2,342
25,1,5.0,0.2,343
26,1,5.0,0.2,343
1,10,5.0,2.0,27
2,10,5.0,2.0,42
3,9,5.0,1.8,60
4,8,5.0,1.6,74
5,8,5.0,1.6,86
6,7,5.0,1.4,101
7,6,5.0,1.2,118
8,6,5.0,1.2,134
10,5,5.0,1.0,150
11,5,5.0,1.0,162
12,5,5.0,1.0,167
13,5,5.0,1.0,173
14,4,5.0,0.8,178
15,3,5.0,0.6,189
16,3,5.0,0.6,195
17,3,5.0,0.6,204
18,3,5.0,0.6,211
19,3,5.0,0.6,219
20,3,5.0,0.6,232
21,2,5.0,0.4,240
22,2,5.0,0.4,247
23,2,5.0,0.4,253
24,2,5.0,0.4,256
25,1,5.0,0.2,257
1,10,5.0,2.0,0
2,10,5.0,2.0,40
3,10,5.0,2.0,63
4,9,5.0,1.8,92
5,9,5.0,1.8,118
6,8,5.0,1.6,133
7,8,5.0,1.6,147
9,7,5.0,1.4,171
10,6,5.0,1.2,185
11,5,5.0,1.0,202
12,5,5.0,1.0,224
13,5,5.0,1.0,243
14,5,5.0,1.0,262
15,4,5.0,0.8,293
16,4,5.0,0.8,309
17,3,5.0,0.6,320
18,3,5.0,0.6,330
19,2,5.0,0.4,338
20,2,5.0,0.4,346
21,2,5.0,0.4,359
22,1,5.0,0.2,365
23,1,5.0,0.2,369
24,1,5.0,0.2,372
25,1,5.0,0.2,374
1,10,5.0,2.0,0
2,10,5.0,2.0,37
3,10,5.0,2.0,61
4,9,5.0,1.8,91
5,8,5.0,1.6,114
6,10,5.0,2.0,128
7,10,5.0,2.0,142
9,7,5.0,1.4,167
10,6,5.0,1.2,182
11,6,5.0,1.2,200
12,5,5.0,1.0,221
13,5,5.0,1.0,239
14,5,5.0,1.0,258
15,5,5.0,1.0,292
16,4,5.0,0.8,307
17,3,5.0,0.6,317
18,3,5.0,0.6,329
19,3,5.0,0.6,341
20,2,5.0,0.4,341
21,2,5.0,0.4,353
22,1,5.0,0.2,359
23,1,5.0,0.2,364
24,1,5.0,0.2,367
25,1,5.0,0.2,368
26,1,5.0,0.2,368
1,10,5.0,2.0,0
2,10,5.0,2.0,36
3,10,5.0,2.0,56
4,9,5.0,1.8,86
6,9,5.0,1.8,113
7,9,5.0,1.8,128
8,8,5.0,1.6,144
9,8,5.0,1.6,158
10,7,5.0,1.4,173
11,7,5.0,1.4,193
12,6,5.0,1.2,215
13,6,5.0,1.2,237
14,5,5.0,1.0,257
15,5,5.0,1.0,289
16,4,5.0,0.8,304
17,4,5.0,0.8,315
18,3,5.0,0.6,324
19,3,5.0,0.6,334
20,2,5.0,0.4,340
21,2,5.0,0.4,353
22,2,5.0,0.4,365
23,1,5.0,0.2,369
24,1,5.0,0.2,369
25,1,5.0,0.2,369
1,10,5.0,2.0,0
2,10,5.0,2.0,45
3,10,5.0,2.0,66
4,9,5.0,1.8,100
6,9,5.0,1.8,123
7,9,5.0,1.8,139
8,9,5.0,1.8,156
9,8,5.0,1.6,180
10,7,5.0,1.4,198
11,6,5.0,1.2,219
12,6,5.0,1.2,238
13,6,5.0,1.2,259
14,5,5.0,1.0,278
15,5,5.0,1.0,308
16,4,5.0,0.8,323
17,4,5.0,0.8,334
18,3,5.0,0.6,344
19,2,5.0,0.4,351
20,2,5.0,0.4,361
21,2,5.0,0.4,372
22,1,5.0,0.2,378
23,1,5.0,0.2,383
24,1,5.0,0.2,385
25,1,5.0,0.2,387
1,10,5.0,2.0,0
3,10,5.0,2.0,39
4,10,5.0,2.0,63
5,9,5.0,1.8,96
6,9,5.0,1.8,96
7,8,5.0,1.6,111
8,8,5.0,1.6,125
9,7,5.0,1.4,148
10,7,5.0,1.4,163
11,6,5.0,1.2,180
12,6,5.0,1.2,204
13,5,5.0,1.0,223
14,5,5.0,1.0,243
15,5,5.0,1.0,277
16,4,5.0,0.8,292
17,4,5.0,0.8,303
18,3,5.0,0.6,313
19,3,5.0,0.6,321
20,2,5.0,0.4,329
21,2,5.0,0.4,342
22,1,5.0,0.2,348
23,1,5.0,0.2,351
24,1,5.0,0.2,354
25,1,5.0,0.2,354
1,10,5.0,2.0,0
3,10,5.0,2.0,44
4,10,5.0,2.0,70
5,9,5.0,1.8,103
6,9,5.0,1.8,129
7,9,5.0,1.8,145
8,8,5.0,1.6,161
9,8,5.0,1.6,187
10,7,5.0,1.4,205
11,6,5.0,1.2,222
12,6,5.0,1.2,240
13,6,5.0,1.2,264
14,5,5.0,1.0,283
15,5,5.0,1.0,316
16,4,5.0,0.8,432
17,4,5.0,0.8,444
18,3,5.0,0.6,452
19,3,5.0,0.6,462
20,2,5.0,0.4,469
21,2,5.0,0.4,479
22,2,5.0,0.4,490
23,1,5.0,0.2,496
24,1,5.0,0.2,500
25,1,5.0,0.2,500
2,10,5.0,2.0,8
3,10,5.0,2.0,53
4,10,5.0,2.0,78
5,10,5.0,2.0,114
6,9,5.0,1.8,140
7,9,5.0,1.8,155
8,8,5.0,1.6,170
9,7,5.0,1.4,193
10,7,5.0,1.4,210
11,6,5.0,1.2,228
12,6,5.0,1.2,249
13,6,5.0,1.2,272
14,5,5.0,1.0,290
15,5,5.0,1.0,320
16,4,5.0,0.8,336
17,4,5.0,0.8,347
18,3,5.0,0.6,357
19,3,5.0,0.6,366
20,2,5.0,0.4,372
21,2,5.0,0.4,383
22,1,5.0,0.2,395
23,1,5.0,0.2,399
24,1,5.0,0.2,402
25,1,5.0,0.2,404
1,10,5.0,2.0,0
2,10,5.0,2.0,0
3,10,5.0,2.0,39
4,9,5.0,1.8,61
5,9,5.0,1.8,96
6,8,5.0,1.6,122
7,8,5.0,1.6,137
8,8,5.0,1.6,152
9,7,5.0,1.4,174
10,6,5.0,1.2,190
11,5,5.0,1.0,206
12,5,5.0,1.0,227
13,5,5.0,1.0,247
14,5,5.0,1.0,269
15,4,5.0,0.8,302
16,3,5.0,0.6,317
1,10,5.0,2.0,0
2,9,5.0,1.8,42
3,9,5.0,1.8,60
4,8,5.0,1.6,90
5,8,5.0,1.6,112
6,8,5.0,1.6,125
7,7,5.0,1.4,137
8,5,5.0,1.0,153
9,5,5.0,1.0,165
10,5,5.0,1.0,179
11,5,5.0,1.0,198
12,5,5.0,1.0,218
13,5,5.0,1.0,237
14,4,5.0,0.8,267
15,3,5.0,0.6,280
16,3,5.0,0.6,289
17,3,5.0,0.6,299
1,10,5.0,2.0,0
2,10,5.0,2.0,28
3,10,5.0,2.0,42
4,8,5.0,1.6,57
5,7,5.0,1.4,68
6,7,5.0,1.4,79
7,6,5.0,1.2,93
8,6,5.0,1.2,109
9,5,5.0,1.0,123
10,5,5.0,1.0,135
11,5,5.0,1.0,146
12,4,5.0,0.8,149
13,4,5.0,0.8,154
14,3,5.0,0.6,159
15,3,5.0,0.6,169
16,3,5.0,0.6,175
1,10,5.0,2.0,5
2,10,5.0,2.0,18
3,10,5.0,2.0,38
4,10,5.0,2.0,59
5,9,5.0,1.8,78
6,9,5.0,1.8,98
7,9,5.0,1.8,102
8,7,5.0,1.4,118
9,7,5.0,1.4,137
10,7,5.0,1.4,153
11,7,5.0,1.4,158
1,10,5.0,2.0,10
2,8,5.0,1.6,27
3,8,5.0,1.6,45
4,8,5.0,1.6,60
5,8,5.0,1.6,71
6,8,5.0,1.6,89
7,8,5.0,1.6,101
8,7,5.0,1.4,120
9,7,5.0,1.4,137
10,7,5.0,1.4,146
11,5,5.0,1.0,148
12,4,5.0,0.8,152
1,10,5.0,2.0,0
2,10,5.0,2.0,48
3,10,5.0,2.0,71
4,10,5.0,2.0,109
5,9,5.0,1.8,137
6,9,5.0,1.8,152
7,8,5.0,1.6,168
8,8,5.0,1.6,188
9,8,5.0,1.6,203
10,8,5.0,1.6,218
11,8,5.0,1.6,241
12,6,5.0,1.2,262
13,6,5.0,1.2,283
14,6,5.0,1.2,315
15,5,5.0,1.0,331
16,5,5.0,1.0,343
17,5,5.0,1.0,354
18,4,5.0,0.8,362
19,3,5.0,0.6,371
20,3,5.0,0.6,384
21,2,5.0,0.4,390
22,2,5.0,0.4,393
23,1,5.0,0.2,396
24,1,5.0,0.2,397
1,10,5.0,2.0,34
2,10,5.0,2.0,52
3,10,5.0,2.0,74
4,9,5.0,1.8,87
5,9,5.0,1.8,99
6,9,5.0,1.8,116
7,8,5.0,1.6,136
8,8,5.0,1.6,154
9,8,5.0,1.6,171
10,7,5.0,1.4,184
11,7,5.0,1.4,191
12,5,5.0,1.0,198
13,5,5.0,1.0,203
14,5,5.0,1.0,216
15,4,5.0,0.8,224
16,3,5.0,0.6,234
17,3,5.0,0.6,243
18,3,5.0,0.6,253
19,3,5.0,0.6,267
20,2,5.0,0.4,277
21,2,5.0,0.4,286
22,1,5.0,0.2,293
23,1,5.0,0.2,297
24,1,5.0,0.2,299
1,10,5.0,2.0,0
2,10,5.0,2.0,55
3,10,5.0,2.0,81
4,10,5.0,2.0,119
5,8,5.0,1.6,147
6,8,5.0,1.6,163
7,7,5.0,1.4,178
8,7,5.0,1.4,203
9,7,5.0,1.4,218
10,7,5.0,1.4,236
11,6,5.0,1.2,257
12,5,5.0,1.0,279
13,5,5.0,1.0,302
14,5,5.0,1.0,337
15,4,5.0,0.8,356
16,4,5.0,0.8,369
17,3,5.0,0.6,380
18,3,5.0,0.6,389
19,3,5.0,0.6,398
20,3,5.0,0.6,413
21,2,5.0,0.4,420
22,2,5.0,0.4,425
23,2,5.0,0.4,428
24,2,5.0,0.4,430
1,10,5.0,2.0,0
2,10,5.0,2.0,45
3,10,5.0,2.0,71
4,9,5.0,1.8,109
5,9,5.0,1.8,135
6,9,5.0,1.8,152
7,9,5.0,1.8,168
8,9,5.0,1.8,195
9,9,5.0,1.8,212
10,8,5.0,1.6,232
11,8,5.0,1.6,255
12,8,5.0,1.6,279
13,7,5.0,1.4,299
14,7,5.0,1.4,338
15,6,5.0,1.2,357
16,6,5.0,1.2,369
17,6,5.0,1.2,380
18,5,5.0,1.0,394
19,5,5.0,1.0,405
20,5,5.0,1.0,418
21,3,5.0,0.6,425
22,2,5.0,0.4,430
23,2,5.0,0.4,433
24,1,5.0,0.2,434
1,10,5.0,2.0,0
2,9,5.0,1.8,45
3,9,5.0,1.8,69
4,9,5.0,1.8,106
5,9,5.0,1.8,135
6,8,5.0,1.6,150
7,8,5.0,1.6,165
8,7,5.0,1.4,190
9,7,5.0,1.4,218
10,7,5.0,1.4,238
11,6,5.0,1.2,260
12,6,5.0,1.2,286
13,5,5.0,1.0,307
14,5,5.0,1.0,344
15,4,5.0,0.8,360
16,4,5.0,0.8,372
17,4,5.0,0.8,383
18,3,5.0,0.6,392
19,3,5.0,0.6,399
20,3,5.0,0.6,411
21,3,5.0,0.6,423
22,2,5.0,0.4,427
23,2,5.0,0.4,431
24,1,5.0,0.2,433
1,10,5.0,2.0,45
2,10,5.0,2.0,73
3,10,5.0,2.0,109
4,9,5.0,1.8,136
5,9,5.0,1.8,153
6,8,5.0,1.6,170
7,8,5.0,1.6,200
8,7,5.0,1.4,220
9,6,5.0,1.2,239
10,5,5.0,1.0,260
11,5,5.0,1.0,285
12,5,5.0,1.0,306
13,5,5.0,1.0,343
14,4,5.0,0.8,362
15,4,5.0,0.8,374
16,3,5.0,0.6,385
17,3,5.0,0.6,395
18,2,5.0,0.4,403
19,2,5.0,0.4,416
20,1,5.0,0.2,427
21,1,5.0,0.2,433
22,1,5.0,0.2,438
23,1,5.0,0.2,439
1,10,5.0,2.0,6
2,10,5.0,2.0,64
3,10,5.0,2.0,88
4,9,5.0,1.8,127
5,9,5.0,1.8,155
6,8,5.0,1.6,172
7,7,5.0,1.4,188
8,6,5.0,1.2,213
9,5,5.0,1.0,232
10,5,5.0,1.0,252
11,5,5.0,1.0,276
12,5,5.0,1.0,299
13,5,5.0,1.0,318
14,5,5.0,1.0,350
15,4,5.0,0.8,368
16,4,5.0,0.8,380
17,3,5.0,0.6,390
18,3,5.0,0.6,400
19,2,5.0,0.4,407
20,2,5.0,0.4,420
21,1,5.0,0.2,427
22,1,5.0,0.2,431
23,1,5.0,0.2,434
24,1,5.0,0.2,436
1,10,5.0,2.0,0
2,10,5.0,2.0,10
3,10,5.0,2.0,55
4,10,5.0,2.0,80
5,9,5.0,1.8,116
6,9,5.0,1.8,140
7,9,5.0,1.8,155
8,7,5.0,1.4,170
9,7,5.0,1.4,193
10,7,5.0,1.4,210
11,7,5.0,1.4,227
12,6,5.0,1.2,250
13,6,5.0,1.2,273
14,6,5.0,1.2,297
15,5,5.0,1.0,332
16,4,5.0,0.8,344
17,4,5.0,0.8,352
18,3,5.0,0.6,362
19,3,5.0,0.6,369
20,3,5.0,0.6,376
21,2,5.0,0.4,392
22,2,5.0,0.4,400
23,2,5.0,0.4,405
24,2,5.0,0.4,407
25,1,5.0,0.2,407
1,10,5.0,2.0,0
2,9,5.0,1.8,50
3,9,5.0,1.8,70
4,8,5.0,1.6,105
5,8,5.0,1.6,131
6,8,5.0,1.6,146
7,7,5.0,1.4,159
8,5,5.0,1.0,179
9,5,5.0,1.0,193
10,5,5.0,1.0,209
11,5,5.0,1.0,230
12,5,5.0,1.0,251
13,5,5.0,1.0,270
14,4,5.0,0.8,305
15,3,5.0,0.6,320
16,3,5.0,0.6,331
17,2,5.0,0.4,342
18,2,5.0,0.4,350
19,2,5.0,0.4,356
20,2,5.0,0.4,371
21,2,5.0,0.4,379
22,2,5.0,0.4,384
23,2,5.0,0.4,386
24,1,5.0,0.2,388
25,1,5.0,0.2,390
26,1,5.0,0.2,391
1,10,5.0,2.0,0
2,10,5.0,2.0,36
3,10,5.0,2.0,52
4,9,5.0,1.8,68
5,9,5.0,1.8,81
6,8,5.0,1.6,92
7,8,5.0,1.6,107
8,8,5.0,1.6,122
9,7,5.0,1.4,138
10,6,5.0,1.2,154
11,5,5.0,1.0,166
12,5,5.0,1.0,169
13,5,5.0,1.0,173
14,5,5.0,1.0,178
15,4,5.0,0.8,200
16,3,5.0,0.6,207
17,3,5.0,0.6,217
18,3,5.0,0.6,226
19,3,5.0,0.6,237
20,3,5.0,0.6,249
21,2,5.0,0.4,257
22,2,5.0,0.4,268
23,2,5.0,0.4,277
24,2,5.0,0.4,284
25,2,5.0,0.4,289
26,1,5.0,0.2,292
27,1,5.0,0.2,294
1,10,5.0,2.0,0
2,10,5.0,2.0,54
3,10,5.0,2.0,76
4,10,5.0,2.0,116
5,9,5.0,1.8,144
6,9,5.0,1.8,160
7,8,5.0,1.6,175
8,7,5.0,1.4,197
9,7,5.0,1.4,212
10,6,5.0,1.2,229
11,6,5.0,1.2,251
12,6,5.0,1.2,274
13,5,5.0,1.0,297
14,5,5.0,1.0,331
15,4,5.0,0.8,350
16,4,5.0,0.8,362
17,3,5.0,0.6,374
18,3,5.0,0.6,383
19,2,5.0,0.4,393
20,2,5.0,0.4,407
21,1,5.0,0.2,415
22,1,5.0,0.2,420
23,1,5.0,0.2,423
24,1,5.0,0.2,424
25,1,5.0,0.2,424
1,1,1.0,1.0,0
2,1,1.0,1.0,0
3,1,1.0,1.0,2
4,1,1.0,1.0,6
5,1,1.0,1.0,8
6,1,1.0,1.0,14
7,1,1.0,1.0,19
8,1,1.0,1.0,26
9,1,1.0,1.0,32
10,1,1.0,1.0,41
11,1,1.0,1.0,48
12,1,1.0,1.0,54
13,1,1.0,1.0,58
14,1,1.0,1.0,63
15,1,1.0,1.0,67
16,1,1.0,1.0,74
1,1,1.0,1.0,0
2,1,1.0,1.0,2
3,1,1.0,1.0,4
4,1,1.0,1.0,5
5,1,1.0,1.0,9
6,1,1.0,1.0,10
7,1,1.0,1.0,10
8,1,1.0,1.0,11
9,1,1.0,1.0,12
10,1,1.0,1.0,14
11,1,1.0,1.0,15
12,1,1.0,1.0,15
13,1,1.0,1.0,16
14,1,1.0,1.0,20
15,1,1.0,1.0,23
16,1,1.0,1.0,25
1,1,1.0,1.0,0
2,1,1.0,1.0,2
3,1,1.0,1.0,7
4,1,1.0,1.0,11
5,1,1.0,1.0,14
6,1,1.0,1.0,16
7,1,1.0,1.0,19
8,1,1.0,1.0,19
9,1,1.0,1.0,19
1,1,1.0,1.0,20
1,1,1.0,1.0,0
2,1,1.0,1.0,1
3,1,1.0,1.0,3
4,1,1.0,1.0,8
5,1,1.0,1.0,10
6,1,1.0,1.0,15
7,1,1.0,1.0,20
8,1,1.0,1.0,24
9,1,1.0,1.0,26
10,1,1.0,1.0,26
1,1,1.0,1.0,0
2,1,1.0,1.0,1
3,1,1.0,1.0,4
4,1,1.0,1.0,7
5,1,1.0,1.0,7
6,1,1.0,1.0,9
7,1,1.0,1.0,11
8,1,1.0,1.0,11
9,1,1.0,1.0,11
10,1,1.0,1.0,11
11,1,1.0,1.0,11
12,1,1.0,1.0,11
13,1,1.0,1.0,11
1,1,1.0,1.0,0
2,1,1.0,1.0,2
3,1,1.0,1.0,8
4,1,1.0,1.0,11
5,1,1.0,1.0,12
6,1,1.0,1.0,16
7,1,1.0,1.0,17
8,1,1.0,1.0,19
9,1,1.0,1.0,24
10,1,1.0,1.0,30
11,1,1.0,1.0,37
12,1,1.0,1.0,42
13,1,1.0,1.0,44
14,1,1.0,1.0,47
15,1,1.0,1.0,48
16,1,1.0,1.0,56
17,1,1.0,1.0,61
18,1,1.0,1.0,61
19,1,1.0,1.0,61
1,1,1.0,1.0,1
2,1,1.0,1.0,2
3,1,1.0,1.0,6
4,1,1.0,1.0,10
5,1,1.0,1.0,11
6,1,1.0,1.0,11
7,1,1.0,1.0,11
8,1,1.0,1.0,13
9,1,1.0,1.0,13
10,1,1.0,1.0,15
11,1,1.0,1.0,16
12,1,1.0,1.0,20
13,1,1.0,1.0,25
14,1,1.0,1.0,30
15,1,1.0,1.0,32
16,1,1.0,1.0,37
17,1,1.0,1.0,40
18,1,1.0,1.0,44
1,1,1.0,1.0,0
1,1,1.0,1.0,0
2,1,1.0,1.0,2
3,1,1.0,1.0,6
4,1,1.0,1.0,12
1,1,1.0,1.0,1
2,1,1.0,1.0,3
3,1,1.0,1.0,8
4,1,1.0,1.0,11
5,1,1.0,1.0,14
6,1,1.0,1.0,21
7,1,1.0,1.0,24
8,1,1.0,1.0,27
9,1,1.0,1.0,30
10,1,1.0,1.0,32
11,1,1.0,1.0,32
12,1,1.0,1.0,32
13,1,1.0,1.0,32
14,1,1.0,1.0,32
1,1,1.0,1.0,0
2,1,1.0,1.0,1
3,1,1.0,1.0,2
4,1,1.0,1.0,4
5,1,1.0,1.0,5
6,1,1.0,1.0,9
7,1,1.0,1.0,12
8,1,1.0,1.0,15
9,1,1.0,1.0,19
10,1,1.0,1.0,20
11,1,1.0,1.0,22
12,1,1.0,1.0,28
13,1,1.0,1.0,31
14,1,1.0,1.0,35
15,1,1.0,1.0,39
16,1,1.0,1.0,47
17,1,1.0,1.0,52
18,1,1.0,1.0,55
19,1,1.0,1.0,57
1,1,1.0,1.0,1
2,1,1.0,1.0,4
3,1,1.0,1.0,10
4,1,1.0,1.0,20
5,1,1.0,1.0,22
1,1,1.0,1.0,0
2,1,1.0,1.0,1
3,1,1.0,1.0,5
4,1,1.0,1.0,10
5,1,1.0,1.0,14
1,1,1.0,1.0,0
2,1,1.0,1.0,2
3,1,1.0,1.0,6
4,1,1.0,1.0,10
5,1,1.0,1.0,12
6,1,1.0,1.0,17
7,1,1.0,1.0,22
8,1,1.0,1.0,27
9,1,1.0,1.0,31
10,1,1.0,1.0,34
11,1,1.0,1.0,34
1,1,1.0,1.0,1
2,1,1.0,1.0,4
3,1,1.0,1.0,9
4,1,1.0,1.0,10
5,1,1.0,1.0,13
6,1,1.0,1.0,17
7,1,1.0,1.0,18
8,1,1.0,1.0,22
9,1,1.0,1.0,25
10,1,1.0,1.0,28
11,1,1.0,1.0,32
12,1,1.0,1.0,38
13,1,1.0,1.0,44
14,1,1.0,1.0,44
15,1,1.0,1.0,45
16,1,1.0,1.0,47
17,1,1.0,1.0,50
18,1,1.0,1.0,51
19,1,1.0,1.0,51
20,1,1.0,1.0,51
1,1,1.0,1.0,0
2,1,1.0,1.0,1
3,1,1.0,1.0,5
4,1,1.0,1.0,10
5,1,1.0,1.0,14
6,1,1.0,1.0,21
7,1,1.0,1.0,28
8,1,1.0,1.0,35
9,1,1.0,1.0,43
10,1,1.0,1.0,51
11,1,1.0,1.0,58
12,1,1.0,1.0,66
13,1,1.0,1.0,72
14,1,1.0,1.0,73
1,1,1.0,1.0,3
2,1,1.0,1.0,8
3,1,1.0,1.0,16
4,1,1.0,1.0,25
5,1,1.0,1.0,30
6,1,1.0,1.0,38
7,1,1.0,1.0,43
8,1,1.0,1.0,45
9,1,1.0,1.0,49
10,1,1.0,1.0,49
1,1,1.0,1.0,0
2,1,1.0,1.0,0
3,1,1.0,1.0,0
4,1,1.0,1.0,0
5,1,1.0,1.0,1
6,1,1.0,1.0,2
7,1,1.0,1.0,4
8,1,1.0,1.0,5
9,1,1.0,1.0,6
10,1,1.0,1.0,8
11,1,1.0,1.0,10
12,1,1.0,1.0,11
13,1,1.0,1.0,13
14,1,1.0,1.0,16
15,1,1.0,1.0,18
16,1,1.0,1.0,22
17,1,1.0,1.0,25
18,1,1.0,1.0,30
19,1,1.0,1.0,30
1,1,1.0,1.0,1
2,1,1.0,1.0,4
3,1,1.0,1.0,6
4,1,1.0,1.0,7
5,1,1.0,1.0,8
6,1,1.0,1.0,8
7,1,1.0,1.0,8
8,1,1.0,1.0,8
9,1,1.0,1.0,8
1,1,1.0,1.0,1
2,1,1.0,1.0,4
3,1,1.0,1.0,6
4,1,1.0,1.0,7
5,1,1.0,1.0,8
6,1,1.0,1.0,8
7,1,1.0,1.0,8
8,1,1.0,1.0,8
9,1,1.0,1.0,8
1,1,1.0,1.0,2
2,1,1.0,1.0,6
3,1,1.0,1.0,13
4,1,1.0,1.0,14
5,1,1.0,1.0,17
6,1,1.0,1.0,17
7,1,1.0,1.0,18
8,1,1.0,1.0,18
9,1,1.0,1.0,18
10,1,1.0,1.0,18
11,1,1.0,1.0,20
12,1,1.0,1.0,21
13,1,1.0,1.0,22
1,1,1.0,1.0,0
2,1,1.0,1.0,0
3,1,1.0,1.0,1
4,1,1.0,1.0,3
5,1,1.0,1.0,6
6,1,1.0,1.0,8
7,1,1.0,1.0,10
8,1,1.0,1.0,14
9,1,1.0,1.0,14
1,1,1.0,1.0,2
2,1,1.0,1.0,8
3,1,1.0,1.0,12
4,1,1.0,1.0,18
5,1,1.0,1.0,24
6,1,1.0,1.0,24
7,1,1.0,1.0,25
8,1,1.0,1.0,25
1,1,1.0,1.0,0
2,1,1.0,1.0,1
3,1,1.0,1.0,7
4,1,1.0,1.0,9
5,1,1.0,1.0,18
6,1,1.0,1.0,26
7,1,1.0,1.0,32
8,1,1.0,1.0,37
9,1,1.0,1.0,38
10,1,1.0,1.0,39
11,1,1.0,1.0,39
12,1,1.0,1.0,39
13,1,1.0,1.0,41
14,1,1.0,1.0,44
15,1,1.0,1.0,50
16,1,1.0,1.0,55
17,1,1.0,1.0,59
18,1,1.0,1.0,61
1,5,5.0,1.0,7
2,5,5.0,1.0,28
3,5,5.0,1.0,55
4,4,5.0,0.8,90
5,4,5.0,0.8,126
6,3,5.0,0.6,148
7,3,5.0,0.6,162
8,3,5.0,0.6,167
9,3,5.0,0.6,182
10,3,5.0,0.6,194
11,3,5.0,0.6,206
12,3,5.0,0.6,221
13,3,5.0,0.6,228
14,3,5.0,0.6,231
15,2,5.0,0.4,232
16,1,5.0,0.2,232
17,0,5.0,0.0,234
1,5,5.0,1.0,4
2,5,5.0,1.0,18
3,5,5.0,1.0,44
4,5,5.0,1.0,73
5,5,5.0,1.0,98
6,4,5.0,0.8,122
7,3,5.0,0.6,140
8,3,5.0,0.6,158
9,3,5.0,0.6,177
10,3,5.0,0.6,187
11,3,5.0,0.6,192
12,2,5.0,0.4,194
13,2,5.0,0.4,197
14,2,5.0,0.4,200
15,2,5.0,0.4,201
16,2,5.0,0.4,201
17,2,5.0,0.4,203
18,2,5.0,0.4,203
19,2,5.0,0.4,206
20,1,5.0,0.2,207
21,1,5.0,0.2,207
22,1,5.0,0.2,207
23,1,5.0,0.2,207
1,5,5.0,1.0,7
2,5,5.0,1.0,16
3,5,5.0,1.0,29
4,5,5.0,1.0,42
5,5,5.0,1.0,57
6,5,5.0,1.0,64
7,5,5.0,1.0,77
8,5,5.0,1.0,96
9,5,5.0,1.0,116
10,5,5.0,1.0,134
11,5,5.0,1.0,143
12,5,5.0,1.0,149
13,5,5.0,1.0,153
14,3,5.0,0.6,156
15,3,5.0,0.6,158
16,2,5.0,0.4,158
17,2,5.0,0.4,161
18,2,5.0,0.4,163
19,2,5.0,0.4,164
20,2,5.0,0.4,165
21,2,5.0,0.4,167
22,2,5.0,0.4,168
23,1,5.0,0.2,170
24,1,5.0,0.2,171
25,1,5.0,0.2,172
26,1,5.0,0.2,173
27,1,5.0,0.2,177
28,1,5.0,0.2,180
29,1,5.0,0.2,180
1,6,5.0,1.2,6
2,5,5.0,1.0,22
3,5,5.0,1.0,42
4,5,5.0,1.0,77
5,5,5.0,1.0,105
6,5,5.0,1.0,135
7,5,5.0,1.0,162
8,4,5.0,0.8,178
9,4,5.0,0.8,187
10,4,5.0,0.8,200
11,4,5.0,0.8,209
12,3,5.0,0.6,210
13,2,5.0,0.4,215
14,2,5.0,0.4,220
15,2,5.0,0.4,224
16,2,5.0,0.4,226
17,2,5.0,0.4,226
18,2,5.0,0.4,227
19,2,5.0,0.4,230
20,2,5.0,0.4,232
21,1,5.0,0.2,232
1,5,5.0,1.0,4
2,5,5.0,1.0,20
3,5,5.0,1.0,41
4,4,5.0,0.8,73
5,4,5.0,0.8,98
6,4,5.0,0.8,122
7,4,5.0,0.8,138
8,4,5.0,0.8,160
9,4,5.0,0.8,185
10,4,5.0,0.8,215
11,4,5.0,0.8,230
12,4,5.0,0.8,238
13,4,5.0,0.8,246
14,3,5.0,0.6,251
15,3,5.0,0.6,254
16,2,5.0,0.4,257
17,2,5.0,0.4,259
18,2,5.0,0.4,261
19,2,5.0,0.4,262
20,1,5.0,0.2,262
1,5,5.0,1.0,4
2,5,5.0,1.0,17
3,5,5.0,1.0,38
4,5,5.0,1.0,62
5,5,5.0,1.0,85
6,5,5.0,1.0,111
7,4,5.0,0.8,135
8,4,5.0,0.8,164
9,4,5.0,0.8,189
10,3,5.0,0.6,215
11,3,5.0,0.6,234
12,3,5.0,0.6,251
13,3,5.0,0.6,264
14,3,5.0,0.6,279
15,2,5.0,0.4,284
16,2,5.0,0.4,286
17,2,5.0,0.4,289
18,2,5.0,0.4,289
19,2,5.0,0.4,290
20,2,5.0,0.4,290
21,1,5.0,0.2,291
22,1,5.0,0.2,291
23,1,5.0,0.2,292
24,1,5.0,0.2,292
25,1,5.0,0.2,292
26,1,5.0,0.2,292
27,1,5.0,0.2,292
1,5,5.0,1.0,4
2,5,5.0,1.0,14
3,5,5.0,1.0,37
4,5,5.0,1.0,57
5,5,5.0,1.0,80
6,5,5.0,1.0,99
7,5,5.0,1.0,127
8,5,5.0,1.0,155
9,5,5.0,1.0,195
10,5,5.0,1.0,218
11,5,5.0,1.0,241
12,5,5.0,1.0,257
13,5,5.0,1.0,281
14,5,5.0,1.0,302
15,5,5.0,1.0,322
16,4,5.0,0.8,343
17,4,5.0,0.8,356
18,3,5.0,0.6,366
19,3,5.0,0.6,380
20,3,5.0,0.6,386
21,3,5.0,0.6,389
22,2,5.0,0.4,391
23,1,5.0,0.2,391
24,1,5.0,0.2,391
25,1,5.0,0.2,391
1,5,5.0,1.0,398
2,5,5.0,1.0,414
3,4,5.0,0.8,432
4,4,5.0,0.8,445
5,4,5.0,0.8,452
6,4,5.0,0.8,457
7,4,5.0,0.8,468
8,3,5.0,0.6,477
9,3,5.0,0.6,485
10,3,5.0,0.6,491
11,3,5.0,0.6,497
12,1,5.0,0.2,503
1,5,5.0,1.0,512
2,5,5.0,1.0,530
3,5,5.0,1.0,567
4,5,5.0,1.0,605
5,5,5.0,1.0,636
6,5,5.0,1.0,663
7,5,5.0,1.0,686
8,5,5.0,1.0,705
9,4,5.0,0.8,710
10,4,5.0,0.8,715
11,4,5.0,0.8,723
12,4,5.0,0.8,729
13,4,5.0,0.8,732
14,4,5.0,0.8,735
15,3,5.0,0.6,739
16,2,5.0,0.4,746
17,2,5.0,0.4,751
18,2,5.0,0.4,751
19,2,5.0,0.4,751
1,5,5.0,1.0,7
2,5,5.0,1.0,24
3,5,5.0,1.0,56
4,5,5.0,1.0,81
5,4,5.0,0.8,104
6,4,5.0,0.8,131
7,4,5.0,0.8,157
8,4,5.0,0.8,186
9,4,5.0,0.8,213
10,4,5.0,0.8,243
11,3,5.0,0.6,268
12,3,5.0,0.6,283
13,3,5.0,0.6,296
14,3,5.0,0.6,306
15,3,5.0,0.6,306
16,2,5.0,0.4,308
17,2,5.0,0.4,309
18,2,5.0,0.4,313
19,1,5.0,0.2,313
1,5,5.0,1.0,7
2,5,5.0,1.0,21
3,5,5.0,1.0,43
4,5,5.0,1.0,66
5,5,5.0,1.0,82
6,3,5.0,0.6,106
7,3,5.0,0.6,136
8,3,5.0,0.6,151
9,3,5.0,0.6,165
10,3,5.0,0.6,175
11,3,5.0,0.6,181
12,2,5.0,0.4,188
13,2,5.0,0.4,190
14,1,5.0,0.2,190
15,1,5.0,0.2,190
16,1,5.0,0.2,190
17,1,5.0,0.2,190
18,1,5.0,0.2,190
19,1,5.0,0.2,190
1,5,5.0,1.0,15
2,5,5.0,1.0,38
3,5,5.0,1.0,68
4,5,5.0,1.0,99
5,5,5.0,1.0,127
6,5,5.0,1.0,154
7,5,5.0,1.0,177
8,5,5.0,1.0,203
9,3,5.0,0.6,225
10,3,5.0,0.6,241
11,3,5.0,0.6,250
12,3,5.0,0.6,252
13,3,5.0,0.6,256
14,2,5.0,0.4,259
15,2,5.0,0.4,261
16,2,5.0,0.4,265
17,2,5.0,0.4,270
18,2,5.0,0.4,271
19,2,5.0,0.4,275
20,2,5.0,0.4,277
21,2,5.0,0.4,279
22,2,5.0,0.4,279
1,5,5.0,1.0,6
2,5,5.0,1.0,22
3,5,5.0,1.0,48
4,5,5.0,1.0,73
5,5,5.0,1.0,93
6,5,5.0,1.0,114
7,5,5.0,1.0,125
8,5,5.0,1.0,143
9,4,5.0,0.8,154
10,4,5.0,0.8,166
11,4,5.0,0.8,178
12,4,5.0,0.8,186
13,4,5.0,0.8,189
14,3,5.0,0.6,189
15,3,5.0,0.6,189
16,1,5.0,0.2,189
1,5,5.0,1.0,12
2,5,5.0,1.0,26
3,5,5.0,1.0,40
4,5,5.0,1.0,60
5,5,5.0,1.0,81
6,5,5.0,1.0,103
7,4,5.0,0.8,126
8,4,5.0,0.8,152
9,4,5.0,0.8,173
10,4,5.0,0.8,188
11,3,5.0,0.6,204
12,3,5.0,0.6,219
13,3,5.0,0.6,232
14,3,5.0,0.6,232
15,2,5.0,0.4,235
16,2,5.0,0.4,235
17,2,5.0,0.4,238
18,2,5.0,0.4,240
19,2,5.0,0.4,245
20,2,5.0,0.4,251
21,2,5.0,0.4,256
22,2,5.0,0.4,257
23,2,5.0,0.4,257
24,2,5.0,0.4,257
1,5,5.0,1.0,6
2,5,5.0,1.0,15
3,5,5.0,1.0,20
4,5,5.0,1.0,26
5,5,5.0,1.0,36
6,5,5.0,1.0,47
7,4,5.0,0.8,59
8,4,5.0,0.8,67
9,4,5.0,0.8,71
10,3,5.0,0.6,72
11,1,5.0,0.2,72
12,1,5.0,0.2,72
13,1,5.0,0.2,72
14,1,5.0,0.2,72
1,5,5.0,1.0,5
2,5,5.0,1.0,28
3,5,5.0,1.0,50
4,5,5.0,1.0,74
5,5,5.0,1.0,98
6,5,5.0,1.0,124
7,4,5.0,0.8,153
8,4,5.0,0.8,173
9,4,5.0,0.8,194
10,4,5.0,0.8,214
11,4,5.0,0.8,225
12,3,5.0,0.6,232
13,3,5.0,0.6,238
14,3,5.0,0.6,245
15,3,5.0,0.6,253
16,1,5.0,0.2,257
17,1,5.0,0.2,259
18,1,5.0,0.2,259
19,1,5.0,0.2,261
20,1,5.0,0.2,265
21,1,5.0,0.2,268
22,1,5.0,0.2,272
23,1,5.0,0.2,272
1,5,5.0,1.0,2
2,5,5.0,1.0,12
3,5,5.0,1.0,24
4,5,5.0,1.0,40
5,5,5.0,1.0,56
6,4,5.0,0.8,67
7,4,5.0,0.8,81
8,4,5.0,0.8,100
9,3,5.0,0.6,114
10,3,5.0,0.6,126
11,3,5.0,0.6,138
12,3,5.0,0.6,148
13,3,5.0,0.6,155
14,3,5.0,0.6,164
15,3,5.0,0.6,176
16,3,5.0,0.6,184
17,3,5.0,0.6,187
18,3,5.0,0.6,187
19,2,5.0,0.4,191
20,2,5.0,0.4,193
21,2,5.0,0.4,194
22,2,5.0,0.4,194
23,1,5.0,0.2,194
24,1,5.0,0.2,194
25,1,5.0,0.2,194
1,5,5.0,1.0,3
2,5,5.0,1.0,10
3,5,5.0,1.0,19
4,5,5.0,1.0,37
5,5,5.0,1.0,53
6,5,5.0,1.0,73
7,5,5.0,1.0,100
8,5,5.0,1.0,125
9,5,5.0,1.0,143
10,3,5.0,0.6,147
11,2,5.0,0.4,152
12,2,5.0,0.4,155
13,2,5.0,0.4,155
14,2,5.0,0.4,156
15,1,5.0,0.2,158
16,1,5.0,0.2,158
17,1,5.0,0.2,159
18,1,5.0,0.2,161
19,1,5.0,0.2,162
20,1,5.0,0.2,162
21,1,5.0,0.2,164
1,5,5.0,1.0,2
2,5,5.0,1.0,18
3,5,5.0,1.0,37
4,5,5.0,1.0,59
5,5,5.0,1.0,85
6,5,5.0,1.0,106
7,5,5.0,1.0,123
8,5,5.0,1.0,129
9,3,5.0,0.6,132
10,2,5.0,0.4,135
11,2,5.0,0.4,138
12,1,5.0,0.2,139
13,1,5.0,0.2,139
14,1,5.0,0.2,140
1,5,5.0,1.0,14
2,5,5.0,1.0,32
3,5,5.0,1.0,47
4,5,5.0,1.0,63
5,5,5.0,1.0,78
6,5,5.0,1.0,94
7,5,5.0,1.0,103
8,4,5.0,0.8,113
9,4,5.0,0.8,122
10,4,5.0,0.8,129
11,3,5.0,0.6,137
12,3,5.0,0.6,139
13,3,5.0,0.6,143
14,3,5.0,0.6,151
15,3,5.0,0.6,154
16,2,5.0,0.4,158
17,1,5.0,0.2,160
18,1,5.0,0.2,162
19,1,5.0,0.2,164
20,1,5.0,0.2,164
21,1,5.0,0.2,166
22,1,5.0,0.2,166
23,1,5.0,0.2,168
24,1,5.0,0.2,169
25,1,5.0,0.2,169
1,5,5.0,1.0,6
2,5,5.0,1.0,19
3,5,5.0,1.0,39
4,5,5.0,1.0,62
5,5,5.0,1.0,89
6,5,5.0,1.0,123
7,5,5.0,1.0,151
8,4,5.0,0.8,169
9,4,5.0,0.8,175
10,4,5.0,0.8,175
11,4,5.0,0.8,178
12,3,5.0,0.6,180
13,3,5.0,0.6,180
14,3,5.0,0.6,182
15,3,5.0,0.6,182
16,3,5.0,0.6,184
17,2,5.0,0.4,186
18,2,5.0,0.4,187
19,1,5.0,0.2,189
20,1,5.0,0.2,189
1,5,5.0,1.0,3
2,5,5.0,1.0,20
3,5,5.0,1.0,40
4,4,5.0,0.8,55
5,4,5.0,0.8,83
6,4,5.0,0.8,113
7,3,5.0,0.6,144
8,3,5.0,0.6,158
9,3,5.0,0.6,166
10,2,5.0,0.4,170
11,1,5.0,0.2,174
12,1,5.0,0.2,176
13,1,5.0,0.2,179
14,1,5.0,0.2,185
15,1,5.0,0.2,191
16,1,5.0,0.2,197
17,1,5.0,0.2,199
18,1,5.0,0.2,202
19,1,5.0,0.2,205
20,1,5.0,0.2,205
1,5,5.0,1.0,5
2,5,5.0,1.0,10
3,5,5.0,1.0,16
4,5,5.0,1.0,25
5,4,5.0,0.8,39
6,4,5.0,0.8,52
7,4,5.0,0.8,71
8,4,5.0,0.8,88
9,4,5.0,0.8,98
10,2,5.0,0.4,108
11,2,5.0,0.4,119
12,2,5.0,0.4,125
13,2,5.0,0.4,130
14,2,5.0,0.4,137
15,2,5.0,0.4,145
16,1,5.0,0.2,146
1,5,5.0,1.0,4
2,4,5.0,0.8,18
3,4,5.0,0.8,36
4,4,5.0,0.8,58
5,3,5.0,0.6,81
6,3,5.0,0.6,103
7,3,5.0,0.6,113
8,3,5.0,0.6,125
9,3,5.0,0.6,137
10,3,5.0,0.6,153
11,3,5.0,0.6,164
12,3,5.0,0.6,174
13,3,5.0,0.6,179
14,3,5.0,0.6,182
15,3,5.0,0.6,186
16,2,5.0,0.4,191
17,1,5.0,0.2,192
18,1,5.0,0.2,194
19,1,5.0,0.2,194
1,10,10.0,1.0,11
2,10,10.0,1.0,55
3,9,10.0,0.9,104
4,9,10.0,0.9,116
5,8,10.0,0.8,144
6,8,10.0,0.8,172
7,8,10.0,0.8,197
8,8,10.0,0.8,212
9,7,10.0,0.7,230
10,6,10.0,0.6,232
11,6,10.0,0.6,241
12,4,10.0,0.4,258
13,4,10.0,0.4,270
14,4,10.0,0.4,281
15,3,10.0,0.3,295
16,2,10.0,0.2,303
17,2,10.0,0.2,318
18,2,10.0,0.2,319
19,2,10.0,0.2,319
1,10,10.0,1.0,20
2,10,10.0,1.0,73
3,10,10.0,1.0,142
4,10,10.0,1.0,220
5,8,10.0,0.8,270
6,8,10.0,0.8,310
7,8,10.0,0.8,341
8,8,10.0,0.8,360
9,7,10.0,0.7,373
10,7,10.0,0.7,384
11,5,10.0,0.5,407
12,4,10.0,0.4,418
13,4,10.0,0.4,427
14,4,10.0,0.4,438
15,4,10.0,0.4,458
16,3,10.0,0.3,469
17,3,10.0,0.3,480
18,2,10.0,0.2,483
19,2,10.0,0.2,489
20,2,10.0,0.2,489
1,10,10.0,1.0,21
2,10,10.0,1.0,80
3,9,10.0,0.9,149
4,9,10.0,0.9,206
5,8,10.0,0.8,231
6,8,10.0,0.8,258
7,8,10.0,0.8,281
8,7,10.0,0.7,283
9,6,10.0,0.6,297
10,6,10.0,0.6,304
11,6,10.0,0.6,313
12,5,10.0,0.5,340
13,4,10.0,0.4,348
14,4,10.0,0.4,362
15,4,10.0,0.4,381
16,4,10.0,0.4,391
17,4,10.0,0.4,399
18,4,10.0,0.4,402
19,2,10.0,0.2,403
20,1,10.0,0.1,403
1,10,10.0,1.0,11
2,10,10.0,1.0,41
3,9,10.0,0.9,74
4,9,10.0,0.9,93
5,9,10.0,0.9,105
6,7,10.0,0.7,121
7,7,10.0,0.7,143
8,7,10.0,0.7,170
9,7,10.0,0.7,194
10,7,10.0,0.7,210
11,7,10.0,0.7,226
12,6,10.0,0.6,254
13,5,10.0,0.5,265
14,5,10.0,0.5,275
15,5,10.0,0.5,280
16,5,10.0,0.5,285
17,4,10.0,0.4,289
18,4,10.0,0.4,291
19,1,10.0,0.1,295
20,0,10.0,0.0,295
1,10,10.0,1.0,14
2,9,10.0,0.9,49
3,8,10.0,0.8,101
4,8,10.0,0.8,144
5,8,10.0,0.8,190
6,8,10.0,0.8,221
7,8,10.0,0.8,251
8,7,10.0,0.7,282
9,7,10.0,0.7,312
10,7,10.0,0.7,335
11,6,10.0,0.6,359
12,5,10.0,0.5,380
13,5,10.0,0.5,394
14,5,10.0,0.5,407
15,4,10.0,0.4,418
16,4,10.0,0.4,421
17,3,10.0,0.3,426
18,3,10.0,0.3,428
19,3,10.0,0.3,432
20,1,10.0,0.1,433
1,10,10.0,1.0,12
2,9,10.0,0.9,50
3,8,10.0,0.8,79
4,7,10.0,0.7,97
5,7,10.0,0.7,113
6,7,10.0,0.7,128
7,6,10.0,0.6,137
8,6,10.0,0.6,141
9,5,10.0,0.5,146
10,2,10.0,0.2,148
11,2,10.0,0.2,150
12,2,10.0,0.2,151
13,2,10.0,0.2,151
14,2,10.0,0.2,151
15,2,10.0,0.2,151
16,2,10.0,0.2,151
1,10,10.0,1.0,8
2,8,10.0,0.8,33
3,8,10.0,0.8,79
4,7,10.0,0.7,128
5,6,10.0,0.6,173
6,6,10.0,0.6,212
7,6,10.0,0.6,237
8,6,10.0,0.6,273
9,6,10.0,0.6,298
10,5,10.0,0.5,329
11,5,10.0,0.5,349
12,5,10.0,0.5,359
13,5,10.0,0.5,374
14,5,10.0,0.5,389
15,4,10.0,0.4,394
16,2,10.0,0.2,403
17,2,10.0,0.2,410
18,1,10.0,0.1,414
19,1,10.0,0.1,415
1,10,10.0,1.0,10
2,10,10.0,1.0,54
3,9,10.0,0.9,105
4,9,10.0,0.9,160
5,9,10.0,0.9,212
6,9,10.0,0.9,244
7,8,10.0,0.8,283
8,7,10.0,0.7,331
9,7,10.0,0.7,366
10,6,10.0,0.6,405
11,6,10.0,0.6,431
12,6,10.0,0.6,445
13,6,10.0,0.6,463
14,4,10.0,0.4,467
15,4,10.0,0.4,475
16,3,10.0,0.3,486
17,3,10.0,0.3,493
18,3,10.0,0.3,508
19,2,10.0,0.2,515
1,10,10.0,1.0,10
2,10,10.0,1.0,49
3,10,10.0,1.0,90
4,10,10.0,1.0,133
5,10,10.0,1.0,157
6,9,10.0,0.9,175
7,9,10.0,0.9,186
8,9,10.0,0.9,208
9,9,10.0,0.9,222
10,9,10.0,0.9,235
11,9,10.0,0.9,248
12,9,10.0,0.9,255
13,6,10.0,0.6,267
14,6,10.0,0.6,276
15,6,10.0,0.6,283
16,6,10.0,0.6,301
17,5,10.0,0.5,312
18,4,10.0,0.4,317
19,2,10.0,0.2,323
1,10,10.0,1.0,6
2,10,10.0,1.0,33
3,10,10.0,1.0,56
4,10,10.0,1.0,77
5,10,10.0,1.0,115
6,10,10.0,1.0,152
7,9,10.0,0.9,180
8,9,10.0,0.9,213
9,7,10.0,0.7,232
10,7,10.0,0.7,249
11,7,10.0,0.7,272
12,6,10.0,0.6,276
13,4,10.0,0.4,298
14,3,10.0,0.3,306
15,3,10.0,0.3,311
16,3,10.0,0.3,322
17,3,10.0,0.3,329
18,3,10.0,0.3,347
19,2,10.0,0.2,347
1,10,10.0,1.0,10
2,10,10.0,1.0,52
3,10,10.0,1.0,83
4,10,10.0,1.0,141
5,10,10.0,1.0,189
6,9,10.0,0.9,233
7,8,10.0,0.8,278
8,7,10.0,0.7,310
9,7,10.0,0.7,349
10,7,10.0,0.7,374
11,6,10.0,0.6,387
12,6,10.0,0.6,397
13,6,10.0,0.6,402
14,6,10.0,0.6,407
15,5,10.0,0.5,417
16,4,10.0,0.4,422
17,2,10.0,0.2,430
18,2,10.0,0.2,435
19,2,10.0,0.2,443
1,10,10.0,1.0,15
2,10,10.0,1.0,47
3,8,10.0,0.8,79
4,10,10.0,1.0,113
5,10,10.0,1.0,133
6,7,10.0,0.7,142
7,6,10.0,0.6,164
8,6,10.0,0.6,178
9,5,10.0,0.5,189
10,4,10.0,0.4,199
11,4,10.0,0.4,206
12,4,10.0,0.4,216
13,4,10.0,0.4,227
14,4,10.0,0.4,238
15,3,10.0,0.3,248
16,3,10.0,0.3,254
17,3,10.0,0.3,260
18,2,10.0,0.2,261
1,10,10.0,1.0,10
2,10,10.0,1.0,38
3,10,10.0,1.0,51
4,10,10.0,1.0,76
5,10,10.0,1.0,104
6,9,10.0,0.9,125
7,9,10.0,0.9,144
8,8,10.0,0.8,165
9,7,10.0,0.7,185
10,7,10.0,0.7,196
11,7,10.0,0.7,202
12,7,10.0,0.7,209
13,6,10.0,0.6,210
14,6,10.0,0.6,210
15,4,10.0,0.4,215
16,4,10.0,0.4,219
17,4,10.0,0.4,223
18,3,10.0,0.3,223
19,2,10.0,0.2,223
20,1,10.0,0.1,223
1,10,10.0,1.0,14
2,9,10.0,0.9,52
3,9,10.0,0.9,90
4,8,10.0,0.8,119
5,8,10.0,0.8,145
6,8,10.0,0.8,165
7,8,10.0,0.8,191
8,8,10.0,0.8,210
9,8,10.0,0.8,234
10,6,10.0,0.6,258
11,5,10.0,0.5,269
12,4,10.0,0.4,276
13,3,10.0,0.3,281
14,2,10.0,0.2,289
15,2,10.0,0.2,300
16,1,10.0,0.1,303
17,1,10.0,0.1,306
1,10,10.0,1.0,11
2,8,10.0,0.8,37
3,8,10.0,0.8,76
4,7,10.0,0.7,111
5,6,10.0,0.6,147
6,6,10.0,0.6,188
7,6,10.0,0.6,221
8,6,10.0,0.6,268
9,6,10.0,0.6,300
10,6,10.0,0.6,317
11,6,10.0,0.6,331
12,6,10.0,0.6,338
13,5,10.0,0.5,346
14,4,10.0,0.4,366
15,4,10.0,0.4,369
16,3,10.0,0.3,374
17,2,10.0,0.2,378
18,1,10.0,0.1,381
19,1,10.0,0.1,383
1,10,10.0,1.0,16
2,9,10.0,0.9,38
3,9,10.0,0.9,75
4,9,10.0,0.9,113
5,8,10.0,0.8,150
6,7,10.0,0.7,202
7,7,10.0,0.7,233
8,6,10.0,0.6,286
9,5,10.0,0.5,323
10,5,10.0,0.5,348
11,5,10.0,0.5,382
12,5,10.0,0.5,394
13,4,10.0,0.4,404
14,3,10.0,0.3,421
15,3,10.0,0.3,432
16,2,10.0,0.2,443
17,2,10.0,0.2,447
1,10,10.0,1.0,9
2,10,10.0,1.0,35
3,10,10.0,1.0,74
4,10,10.0,1.0,101
5,10,10.0,1.0,130
6,10,10.0,1.0,174
7,9,10.0,0.9,207
8,8,10.0,0.8,252
9,8,10.0,0.8,286
10,8,10.0,0.8,297
11,8,10.0,0.8,308
12,7,10.0,0.7,313
13,7,10.0,0.7,314
14,6,10.0,0.6,322
15,6,10.0,0.6,327
16,5,10.0,0.5,335
17,2,10.0,0.2,338
1,10,10.0,1.0,13
2,9,10.0,0.9,22
3,8,10.0,0.8,31
4,7,10.0,0.7,41
5,7,10.0,0.7,59
6,7,10.0,0.7,88
7,5,10.0,0.5,111
8,3,10.0,0.3,134
9,3,10.0,0.3,148
10,3,10.0,0.3,154
11,3,10.0,0.3,157
12,2,10.0,0.2,162
13,2,10.0,0.2,168
14,1,10.0,0.1,177
15,1,10.0,0.1,180
16,1,10.0,0.1,182
17,1,10.0,0.1,182
1,9,10.0,0.9,13
2,10,10.0,1.0,57
3,10,10.0,1.0,104
4,10,10.0,1.0,152
5,10,10.0,1.0,195
6,10,10.0,1.0,238
7,10,10.0,1.0,302
8,8,10.0,0.8,342
9,8,10.0,0.8,359
10,8,10.0,0.8,390
11,7,10.0,0.7,417
12,7,10.0,0.7,428
13,6,10.0,0.6,441
14,6,10.0,0.6,446
15,5,10.0,0.5,450
16,4,10.0,0.4,454
17,2,10.0,0.2,456
1,10,10.0,1.0,18
2,9,10.0,0.9,58
3,9,10.0,0.9,114
4,9,10.0,0.9,173
5,8,10.0,0.8,236
6,7,10.0,0.7,281
7,7,10.0,0.7,336
8,7,10.0,0.7,365
9,7,10.0,0.7,379
10,6,10.0,0.6,407
11,6,10.0,0.6,440
12,6,10.0,0.6,460
13,6,10.0,0.6,478
14,6,10.0,0.6,488
15,4,10.0,0.4,505
16,4,10.0,0.4,512
17,2,10.0,0.2,516
18,1,10.0,0.1,517
1,1,10.0,0.1,1
2,1,10.0,0.1,5
3,1,10.0,0.1,11
4,1,10.0,0.1,12
5,1,10.0,0.1,15
6,1,10.0,0.1,20
7,1,10.0,0.1,22
8,1,10.0,0.1,27
9,1,10.0,0.1,30
10,1,10.0,0.1,35
11,1,10.0,0.1,39
12,1,10.0,0.1,46
13,1,10.0,0.1,52
14,1,10.0,0.1,52
15,1,10.0,0.1,54
16,1,10.0,0.1,58
17,1,10.0,0.1,61
18,1,10.0,0.1,62
1,1,10.0,0.1,0
2,1,10.0,0.1,2
3,1,10.0,0.1,4
4,1,10.0,0.1,7
5,1,10.0,0.1,8
6,1,10.0,0.1,12
7,1,10.0,0.1,16
8,1,10.0,0.1,19
9,1,10.0,0.1,25
10,1,10.0,0.1,26
11,1,10.0,0.1,28
12,1,10.0,0.1,35
13,1,10.0,0.1,38
14,1,10.0,0.1,43
15,1,10.0,0.1,47
16,1,10.0,0.1,55
17,1,10.0,0.1,61
18,1,10.0,0.1,63
1,1,10.0,0.1,1
2,1,10.0,0.1,6
3,1,10.0,0.1,10
4,1,10.0,0.1,12
5,1,10.0,0.1,16
6,1,10.0,0.1,17
7,1,10.0,0.1,19
8,1,10.0,0.1,22
9,1,10.0,0.1,23
10,1,10.0,0.1,24
11,1,10.0,0.1,26
12,1,10.0,0.1,27
13,1,10.0,0.1,28
1,1,10.0,0.1,0
2,1,10.0,0.1,2
3,1,10.0,0.1,8
4,1,10.0,0.1,11
5,1,10.0,0.1,20
6,1,10.0,0.1,28
7,1,10.0,0.1,34
8,1,10.0,0.1,39
9,1,10.0,0.1,40
10,1,10.0,0.1,41
11,1,10.0,0.1,41
12,1,10.0,0.1,42
13,1,10.0,0.1,45
14,1,10.0,0.1,48
15,1,10.0,0.1,55
16,1,10.0,0.1,60
17,1,10.0,0.1,64
18,1,10.0,0.1,65
1,1,10.0,0.1,1
2,1,10.0,0.1,6
3,1,10.0,0.1,12
4,1,10.0,0.1,14
5,1,10.0,0.1,18
6,1,10.0,0.1,23
7,1,10.0,0.1,24
8,1,10.0,0.1,28
9,1,10.0,0.1,30
10,1,10.0,0.1,35
11,1,10.0,0.1,40
12,1,10.0,0.1,44
13,1,10.0,0.1,48
14,1,10.0,0.1,49
15,1,10.0,0.1,49
16,1,10.0,0.1,52
17,1,10.0,0.1,55
18,1,10.0,0.1,56
19,1,10.0,0.1,56
1,1,10.0,0.1,0
2,1,10.0,0.1,2
3,1,10.0,0.1,6
4,1,10.0,0.1,11
5,1,10.0,0.1,15
6,1,10.0,0.1,23
7,1,10.0,0.1,30
8,1,10.0,0.1,37
9,1,10.0,0.1,45
10,1,10.0,0.1,53
11,1,10.0,0.1,60
12,1,10.0,0.1,68
13,1,10.0,0.1,75
14,1,10.0,0.1,77
1,1,1.5,0.6666666666666666,0
2,1,1.5,0.6666666666666666,1
3,1,1.5,0.6666666666666666,5
4,1,1.5,0.6666666666666666,12
5,1,1.5,0.6666666666666666,13
6,1,1.5,0.6666666666666666,14
7,1,1.5,0.6666666666666666,17
8,1,1.5,0.6666666666666666,19
9,1,1.5,0.6666666666666666,20
10,1,1.5,0.6666666666666666,23
11,1,1.5,0.6666666666666666,27
12,1,1.5,0.6666666666666666,28
13,1,1.5,0.6666666666666666,30
14,1,1.5,0.6666666666666666,33
15,1,1.5,0.6666666666666666,35
16,1,1.5,0.6666666666666666,38
17,1,1.5,0.6666666666666666,42
18,1,1.5,0.6666666666666666,48
19,1,1.5,0.6666666666666666,48
1,1,1.5,0.6666666666666666,0
2,1,1.5,0.6666666666666666,3
3,1,1.5,0.6666666666666666,8
4,1,1.5,0.6666666666666666,13
5,1,1.5,0.6666666666666666,15
6,1,1.5,0.6666666666666666,22
7,1,1.5,0.6666666666666666,27
8,1,1.5,0.6666666666666666,33
9,1,1.5,0.6666666666666666,37
10,1,1.5,0.6666666666666666,40
11,1,1.5,0.6666666666666666,40
1,1,1.5,0.6666666666666666,2
2,1,1.5,0.6666666666666666,7
3,1,1.5,0.6666666666666666,14
4,1,1.5,0.6666666666666666,16
5,1,1.5,0.6666666666666666,20
6,1,1.5,0.6666666666666666,20
7,1,1.5,0.6666666666666666,24
8,1,1.5,0.6666666666666666,25
9,1,1.5,0.6666666666666666,27
10,1,1.5,0.6666666666666666,27
11,1,1.5,0.6666666666666666,28
12,1,1.5,0.6666666666666666,30
13,1,1.5,0.6666666666666666,31
1,1,1.5,0.6666666666666666,1
2,1,1.5,0.6666666666666666,4
3,1,1.5,0.6666666666666666,9
4,1,1.5,0.6666666666666666,10
5,1,1.5,0.6666666666666666,13
6,1,1.5,0.6666666666666666,17
7,1,1.5,0.6666666666666666,18
8,1,1.5,0.6666666666666666,22
9,1,1.5,0.6666666666666666,25
10,1,1.5,0.6666666666666666,28
11,1,1.5,0.6666666666666666,32
12,1,1.5,0.6666666666666666,38
13,1,1.5,0.6666666666666666,44
14,1,1.5,0.6666666666666666,44
15,1,1.5,0.6666666666666666,45
16,1,1.5,0.6666666666666666,47
17,1,1.5,0.6666666666666666,50
18,1,1.5,0.6666666666666666,51
1,1,1.5,0.6666666666666666,0
2,1,1.5,0.6666666666666666,2
3,1,1.5,0.6666666666666666,5
4,1,1.5,0.6666666666666666,9
5,1,1.5,0.6666666666666666,10
6,1,1.5,0.6666666666666666,15
7,1,1.5,0.6666666666666666,18
8,1,1.5,0.6666666666666666,21
9,1,1.5,0.6666666666666666,26
10,1,1.5,0.6666666666666666,27
11,1,1.5,0.6666666666666666,30
12,1,1.5,0.6666666666666666,36
13,1,1.5,0.6666666666666666,39
14,1,1.5,0.6666666666666666,44
15,1,1.5,0.6666666666666666,48
16,1,1.5,0.6666666666666666,56
17,1,1.5,0.6666666666666666,60
1,1,1.5,0.6666666666666666,0
2,1,1.5,0.6666666666666666,0
3,1,1.5,0.6666666666666666,0
4,1,1.5,0.6666666666666666,0
5,1,1.5,0.6666666666666666,6
6,1,1.5,0.6666666666666666,13
7,1,1.5,0.6666666666666666,20
8,1,1.5,0.6666666666666666,27
9,1,1.5,0.6666666666666666,35
10,1,1.5,0.6666666666666666,43
11,1,1.5,0.6666666666666666,50
12,1,1.5,0.6666666666666666,58
13,1,1.5,0.6666666666666666,65
14,1,1.5,0.6666666666666666,66
1,1,1.5,0.6666666666666666,1
2,1,1.5,0.6666666666666666,2
3,1,1.5,0.6666666666666666,9
4,1,1.5,0.6666666666666666,11
5,1,1.5,0.6666666666666666,19
6,1,1.5,0.6666666666666666,28
7,1,1.5,0.6666666666666666,35
8,1,1.5,0.6666666666666666,40
9,1,1.5,0.6666666666666666,41
10,1,1.5,0.6666666666666666,43
11,1,1.5,0.6666666666666666,44
12,1,1.5,0.6666666666666666,44
13,1,1.5,0.6666666666666666,47
14,1,1.5,0.6666666666666666,50
15,1,1.5,0.6666666666666666,57
16,1,1.5,0.6666666666666666,63
17,1,1.5,0.6666666666666666,69
18,1,1.5,0.6666666666666666,71
1,1,1.5,0.6666666666666666,0
2,1,1.5,0.6666666666666666,1
3,1,1.5,0.6666666666666666,2
4,1,1.5,0.6666666666666666,6
5,1,1.5,0.6666666666666666,12
6,1,1.5,0.6666666666666666,13
7,1,1.5,0.6666666666666666,15
8,1,1.5,0.6666666666666666,15
9,1,1.5,0.6666666666666666,17
10,1,1.5,0.6666666666666666,19
11,1,1.5,0.6666666666666666,22
12,1,1.5,0.6666666666666666,28
13,1,1.5,0.6666666666666666,31
14,1,1.5,0.6666666666666666,34
15,1,1.5,0.6666666666666666,35
16,1,1.5,0.6666666666666666,39
17,1,1.5,0.6666666666666666,43
18,1,1.5,0.6666666666666666,48
19,1,1.5,0.6666666666666666,48
1,1,1.5,0.6666666666666666,1
2,1,1.5,0.6666666666666666,2
3,1,1.5,0.6666666666666666,7
4,1,1.5,0.6666666666666666,12
5,1,1.5,0.6666666666666666,13
6,1,1.5,0.6666666666666666,13
7,1,1.5,0.6666666666666666,13
8,1,1.5,0.6666666666666666,15
9,1,1.5,0.6666666666666666,15
10,1,1.5,0.6666666666666666,18
11,1,1.5,0.6666666666666666,19
12,1,1.5,0.6666666666666666,23
13,1,1.5,0.6666666666666666,29
14,1,1.5,0.6666666666666666,34
15,1,1.5,0.6666666666666666,37
16,1,1.5,0.6666666666666666,42
17,1,1.5,0.6666666666666666,45
18,1,1.5,0.6666666666666666,47
1,1,1.5,0.6666666666666666,1
2,1,1.5,0.6666666666666666,4
3,1,1.5,0.6666666666666666,12
4,1,1.5,0.6666666666666666,19
5,1,1.5,0.6666666666666666,21
6,1,1.5,0.6666666666666666,25
7,1,1.5,0.6666666666666666,29
8,1,1.5,0.6666666666666666,36
9,1,1.5,0.6666666666666666,40
10,1,1.5,0.6666666666666666,42
11,1,1.5,0.6666666666666666,42
1,1,1.5,0.6666666666666666,2
2,1,1.5,0.6666666666666666,8
3,1,1.5,0.6666666666666666,12
4,1,1.5,0.6666666666666666,13
5,1,1.5,0.6666666666666666,17
6,1,1.5,0.6666666666666666,17
7,1,1.5,0.6666666666666666,19
8,1,1.5,0.6666666666666666,20
9,1,1.5,0.6666666666666666,21
10,1,1.5,0.6666666666666666,21
11,1,1.5,0.6666666666666666,23
12,1,1.5,0.6666666666666666,24
13,1,1.5,0.6666666666666666,25
1,1,1.5,0.6666666666666666,0
2,1,1.5,0.6666666666666666,2
3,1,1.5,0.6666666666666666,4
4,1,1.5,0.6666666666666666,9
5,1,1.5,0.6666666666666666,10
6,1,1.5,0.6666666666666666,11
7,1,1.5,0.6666666666666666,15
8,1,1.5,0.6666666666666666,20
9,1,1.5,0.6666666666666666,26
10,1,1.5,0.6666666666666666,28
11,1,1.5,0.6666666666666666,30
12,1,1.5,0.6666666666666666,31
13,1,1.5,0.6666666666666666,33
14,1,1.5,0.6666666666666666,37
15,1,1.5,0.6666666666666666,40
16,1,1.5,0.6666666666666666,46
17,1,1.5,0.6666666666666666,49
18,1,1.5,0.6666666666666666,53
19,1,1.5,0.6666666666666666,53
1,1,1.5,0.6666666666666666,0
2,1,1.5,0.6666666666666666,4
3,1,1.5,0.6666666666666666,11
4,1,1.5,0.6666666666666666,14
5,1,1.5,0.6666666666666666,23
6,1,1.5,0.6666666666666666,31
7,1,1.5,0.6666666666666666,37
8,1,1.5,0.6666666666666666,43
9,1,1.5,0.6666666666666666,45
10,1,1.5,0.6666666666666666,48
11,1,1.5,0.6666666666666666,50
12,1,1.5,0.6666666666666666,50
13,1,1.5,0.6666666666666666,51
14,1,1.5,0.6666666666666666,54
15,1,1.5,0.6666666666666666,61
16,1,1.5,0.6666666666666666,66
17,1,1.5,0.6666666666666666,72
18,1,1.5,0.6666666666666666,74
1,1,1.5,0.6666666666666666,0
2,1,1.5,0.6666666666666666,1
3,1,1.5,0.6666666666666666,5
4,1,1.5,0.6666666666666666,10
5,1,1.5,0.6666666666666666,14
6,1,1.5,0.6666666666666666,21
7,1,1.5,0.6666666666666666,27
8,1,1.5,0.6666666666666666,35
9,1,1.5,0.6666666666666666,43
10,1,1.5,0.6666666666666666,51
11,1,1.5,0.6666666666666666,58
12,1,1.5,0.6666666666666666,66
13,1,1.5,0.6666666666666666,72
14,1,1.5,0.6666666666666666,73
1,1,1.5,0.6666666666666666,0
2,1,1.5,0.6666666666666666,1
3,1,1.5,0.6666666666666666,5
4,1,1.5,0.6666666666666666,9
5,1,1.5,0.6666666666666666,9
6,1,1.5,0.6666666666666666,11
7,1,1.5,0.6666666666666666,14
8,1,1.5,0.6666666666666666,15
9,1,1.5,0.6666666666666666,15
10,1,1.5,0.6666666666666666,16
11,1,1.5,0.6666666666666666,16
12,1,1.5,0.6666666666666666,16
13,1,1.5,0.6666666666666666,16
1,1,1.5,0.6666666666666666,1
2,1,1.5,0.6666666666666666,2
3,1,1.5,0.6666666666666666,7
4,1,1.5,0.6666666666666666,13
5,1,1.5,0.6666666666666666,14
6,1,1.5,0.6666666666666666,14
7,1,1.5,0.6666666666666666,14
8,1,1.5,0.6666666666666666,17
9,1,1.5,0.6666666666666666,17
10,1,1.5,0.6666666666666666,20
11,1,1.5,0.6666666666666666,23
12,1,1.5,0.6666666666666666,28
13,1,1.5,0.6666666666666666,33
14,1,1.5,0.6666666666666666,40
15,1,1.5,0.6666666666666666,42
16,1,1.5,0.6666666666666666,48
17,1,1.5,0.6666666666666666,51
18,1,1.5,0.6666666666666666,56
1,1,1.5,0.6666666666666666,0
2,1,1.5,0.6666666666666666,1
3,1,1.5,0.6666666666666666,2
4,1,1.5,0.6666666666666666,4
5,1,1.5,0.6666666666666666,6
6,1,1.5,0.6666666666666666,9
7,1,1.5,0.6666666666666666,11
8,1,1.5,0.6666666666666666,12
9,1,1.5,0.6666666666666666,14
10,1,1.5,0.6666666666666666,18
11,1,1.5,0.6666666666666666,22
12,1,1.5,0.6666666666666666,23
13,1,1.5,0.6666666666666666,26
14,1,1.5,0.6666666666666666,29
15,1,1.5,0.6666666666666666,31
16,1,1.5,0.6666666666666666,36
17,1,1.5,0.6666666666666666,38
18,1,1.5,0.6666666666666666,42
19,1,1.5,0.6666666666666666,42
1,1,1.5,0.6666666666666666,0
2,1,1.5,0.6666666666666666,1
3,1,1.5,0.6666666666666666,2
4,1,1.5,0.6666666666666666,4
5,1,1.5,0.6666666666666666,5
6,1,1.5,0.6666666666666666,10
7,1,1.5,0.6666666666666666,13
8,1,1.5,0.6666666666666666,16
9,1,1.5,0.6666666666666666,20
10,1,1.5,0.6666666666666666,21
11,1,1.5,0.6666666666666666,24
12,1,1.5,0.6666666666666666,30
13,1,1.5,0.6666666666666666,33
14,1,1.5,0.6666666666666666,38
15,1,1.5,0.6666666666666666,42
16,1,1.5,0.6666666666666666,50
17,1,1.5,0.6666666666666666,55
18,1,1.5,0.6666666666666666,58
1,1,1.5,0.6666666666666666,0
2,1,1.5,0.6666666666666666,4
3,1,1.5,0.6666666666666666,11
4,1,1.5,0.6666666666666666,13
5,1,1.5,0.6666666666666666,21
6,1,1.5,0.6666666666666666,29
7,1,1.5,0.6666666666666666,35
8,1,1.5,0.6666666666666666,41
9,1,1.5,0.6666666666666666,42
10,1,1.5,0.6666666666666666,44
11,1,1.5,0.6666666666666666,45
12,1,1.5,0.6666666666666666,45
13,1,1.5,0.6666666666666666,48
14,1,1.5,0.6666666666666666,51
15,1,1.5,0.6666666666666666,58
16,1,1.5,0.6666666666666666,63
17,1,1.5,0.6666666666666666,68
18,1,1.5,0.6666666666666666,71
1,5,7.5,0.6666666666666666,6
2,5,7.5,0.6666666666666666,38
3,5,7.5,0.6666666666666666,83
4,5,7.5,0.6666666666666666,133
5,5,7.5,0.6666666666666666,191
6,5,7.5,0.6666666666666666,265
7,5,7.5,0.6666666666666666,328
8,4,7.5,0.5333333333333333,366
9,4,7.5,0.5333333333333333,382
10,4,7.5,0.5333333333333333,384
11,4,7.5,0.5333333333333333,390
12,3,7.5,0.4,396
13,3,7.5,0.4,398
14,3,7.5,0.4,406
15,3,7.5,0.4,406
16,3,7.5,0.4,414
17,2,7.5,0.26666666666666666,420
18,2,7.5,0.26666666666666666,422
19,1,7.5,0.13333333333333333,424
20,1,7.5,0.13333333333333333,424
1,5,7.5,0.6666666666666666,16
2,5,7.5,0.6666666666666666,36
3,5,7.5,0.6666666666666666,52
4,5,7.5,0.6666666666666666,73
5,5,7.5,0.6666666666666666,86
6,5,7.5,0.6666666666666666,102
7,5,7.5,0.6666666666666666,112
8,4,7.5,0.5333333333333333,122
9,4,7.5,0.5333333333333333,131
10,4,7.5,0.5333333333333333,139
11,3,7.5,0.4,145
12,3,7.5,0.4,146
13,3,7.5,0.4,151
14,3,7.5,0.4,159
15,3,7.5,0.4,163
16,2,7.5,0.26666666666666666,168
17,1,7.5,0.13333333333333333,170
18,1,7.5,0.13333333333333333,172
19,1,7.5,0.13333333333333333,173
20,1,7.5,0.13333333333333333,173
21,1,7.5,0.13333333333333333,175
22,1,7.5,0.13333333333333333,175
23,1,7.5,0.13333333333333333,176
24,1,7.5,0.13333333333333333,177
1,5,7.5,0.6666666666666666,5
2,5,7.5,0.6666666666666666,12
3,5,7.5,0.6666666666666666,21
4,5,7.5,0.6666666666666666,43
5,5,7.5,0.6666666666666666,62
6,5,7.5,0.6666666666666666,82
7,5,7.5,0.6666666666666666,111
8,5,7.5,0.6666666666666666,137
9,5,7.5,0.6666666666666666,157
10,3,7.5,0.4,162
11,2,7.5,0.26666666666666666,169
12,2,7.5,0.26666666666666666,172
13,2,7.5,0.26666666666666666,172
14,2,7.5,0.26666666666666666,175
15,1,7.5,0.13333333333333333,177
16,1,7.5,0.13333333333333333,177
17,1,7.5,0.13333333333333333,180
18,1,7.5,0.13333333333333333,181
19,1,7.5,0.13333333333333333,182
20,1,7.5,0.13333333333333333,182
21,1,7.5,0.13333333333333333,183
1,5,7.5,0.6666666666666666,2
2,5,7.5,0.6666666666666666,12
3,5,7.5,0.6666666666666666,26
4,5,7.5,0.6666666666666666,44
5,5,7.5,0.6666666666666666,62
6,4,7.5,0.5333333333333333,77
7,4,7.5,0.5333333333333333,91
8,4,7.5,0.5333333333333333,112
9,3,7.5,0.4,126
10,3,7.5,0.4,139
11,3,7.5,0.4,151
12,3,7.5,0.4,165
13,3,7.5,0.4,173
14,3,7.5,0.4,184
15,3,7.5,0.4,196
16,3,7.5,0.4,203
17,3,7.5,0.4,206
18,3,7.5,0.4,206
19,2,7.5,0.26666666666666666,211
20,2,7.5,0.26666666666666666,214
21,2,7.5,0.26666666666666666,216
22,2,7.5,0.26666666666666666,217
23,1,7.5,0.13333333333333333,218
24,1,7.5,0.13333333333333333,218
25,1,7.5,0.13333333333333333,218
1,5,7.5,0.6666666666666666,10
2,5,7.5,0.6666666666666666,25
3,5,7.5,0.6666666666666666,42
4,5,7.5,0.6666666666666666,63
5,5,7.5,0.6666666666666666,88
6,5,7.5,0.6666666666666666,112
7,4,7.5,0.5333333333333333,130
8,4,7.5,0.5333333333333333,159
9,4,7.5,0.5333333333333333,183
10,4,7.5,0.5333333333333333,197
11,3,7.5,0.4,213
12,3,7.5,0.4,231
13,3,7.5,0.4,243
14,3,7.5,0.4,245
15,2,7.5,0.26666666666666666,249
16,2,7.5,0.26666666666666666,250
17,2,7.5,0.26666666666666666,254
18,2,7.5,0.26666666666666666,258
19,2,7.5,0.26666666666666666,264
20,2,7.5,0.26666666666666666,272
21,2,7.5,0.26666666666666666,277
22,2,7.5,0.26666666666666666,278
23,2,7.5,0.26666666666666666,279
24,2,7.5,0.26666666666666666,279
1,5,7.5,0.6666666666666666,6
2,5,7.5,0.6666666666666666,23
3,5,7.5,0.6666666666666666,48
4,5,7.5,0.6666666666666666,73
5,5,7.5,0.6666666666666666,100
6,5,7.5,0.6666666666666666,137
7,5,7.5,0.6666666666666666,165
8,4,7.5,0.5333333333333333,184
9,4,7.5,0.5333333333333333,192
10,4,7.5,0.5333333333333333,192
11,4,7.5,0.5333333333333333,197
12,3,7.5,0.4,201
13,3,7.5,0.4,201
14,3,7.5,0.4,203
15,3,7.5,0.4,203
16,3,7.5,0.4,206
17,2,7.5,0.26666666666666666,211
18,2,7.5,0.26666666666666666,212
19,1,7.5,0.13333333333333333,213
20,1,7.5,0.13333333333333333,213
1,5,7.5,0.6666666666666666,15
2,5,7.5,0.6666666666666666,39
3,5,7.5,0.6666666666666666,70
4,5,7.5,0.6666666666666666,105
5,5,7.5,0.6666666666666666,139
6,5,7.5,0.6666666666666666,167
7,5,7.5,0.6666666666666666,192
8,5,7.5,0.6666666666666666,220
9,3,7.5,0.4,241
10,3,7.5,0.4,256
11,3,7.5,0.4,267
12,3,7.5,0.4,272
13,3,7.5,0.4,277
14,2,7.5,0.26666666666666666,281
15,2,7.5,0.26666666666666666,283
16,2,7.5,0.26666666666666666,287
17,2,7.5,0.26666666666666666,292
18,2,7.5,0.26666666666666666,293
19,2,7.5,0.26666666666666666,298
20,2,7.5,0.26666666666666666,301
21,2,7.5,0.26666666666666666,303
22,2,7.5,0.26666666666666666,303
1,5,7.5,0.6666666666666666,6
2,5,7.5,0.6666666666666666,22
3,5,7.5,0.6666666666666666,54
4,5,7.5,0.6666666666666666,82
5,4,7.5,0.5333333333333333,107
6,4,7.5,0.5333333333333333,137
7,4,7.5,0.5333333333333333,165
8,4,7.5,0.5333333333333333,199
9,4,7.5,0.5333333333333333,227
10,4,7.5,0.5333333333333333,257
11,3,7.5,0.4,284
12,3,7.5,0.4,300
13,3,7.5,0.4,313
14,3,7.5,0.4,324
15,3,7.5,0.4,326
16,2,7.5,0.26666666666666666,331
17,2,7.5,0.26666666666666666,332
18,2,7.5,0.26666666666666666,336
19,1,7.5,0.13333333333333333,337
1,5,7.5,0.6666666666666666,7
2,5,7.5,0.6666666666666666,17
3,5,7.5,0.6666666666666666,28
4,5,7.5,0.6666666666666666,53
5,5,7.5,0.6666666666666666,71
6,5,7.5,0.6666666666666666,91
7,5,7.5,0.6666666666666666,122
8,5,7.5,0.6666666666666666,149
9,5,7.5,0.6666666666666666,167
10,3,7.5,0.4,174
11,2,7.5,0.26666666666666666,179
12,2,7.5,0.26666666666666666,183
13,2,7.5,0.26666666666666666,185
14,2,7.5,0.26666666666666666,186
15,1,7.5,0.13333333333333333,188
16,1,7.5,0.13333333333333333,189
17,1,7.5,0.13333333333333333,190
18,1,7.5,0.13333333333333333,192
19,1,7.5,0.13333333333333333,193
20,1,7.5,0.13333333333333333,193
21,1,7.5,0.13333333333333333,195
1,5,7.5,0.6666666666666666,11
2,5,7.5,0.6666666666666666,29
3,5,7.5,0.6666666666666666,46
4,5,7.5,0.6666666666666666,62
5,5,7.5,0.6666666666666666,79
6,5,7.5,0.6666666666666666,95
7,5,7.5,0.6666666666666666,105
8,4,7.5,0.5333333333333333,116
9,4,7.5,0.5333333333333333,126
10,4,7.5,0.5333333333333333,133
11,3,7.5,0.4,142
12,3,7.5,0.4,143
13,3,7.5,0.4,149
14,3,7.5,0.4,158
15,3,7.5,0.4,163
16,2,7.5,0.26666666666666666,167
17,1,7.5,0.13333333333333333,170
18,1,7.5,0.13333333333333333,172
19,1,7.5,0.13333333333333333,173
20,1,7.5,0.13333333333333333,173
21,1,7.5,0.13333333333333333,174
22,1,7.5,0.13333333333333333,174
23,1,7.5,0.13333333333333333,176
24,1,7.5,0.13333333333333333,177
1,5,7.5,0.6666666666666666,5
2,5,7.5,0.6666666666666666,17
3,5,7.5,0.6666666666666666,31
4,5,7.5,0.6666666666666666,50
5,5,7.5,0.6666666666666666,67
6,4,7.5,0.5333333333333333,81
7,4,7.5,0.5333333333333333,95
8,4,7.5,0.5333333333333333,117
9,3,7.5,0.4,132
10,3,7.5,0.4,145
11,3,7.5,0.4,158
12,3,7.5,0.4,172
13,3,7.5,0.4,177
14,3,7.5,0.4,187
15,3,7.5,0.4,199
16,3,7.5,0.4,208
17,3,7.5,0.4,212
18,3,7.5,0.4,213
19,2,7.5,0.26666666666666666,218
20,2,7.5,0.26666666666666666,221
21,2,7.5,0.26666666666666666,224
22,2,7.5,0.26666666666666666,227
23,1,7.5,0.13333333333333333,228
24,1,7.5,0.13333333333333333,229
25,1,7.5,0.13333333333333333,229
1,5,7.5,0.6666666666666666,6
2,5,7.5,0.6666666666666666,23
3,5,7.5,0.6666666666666666,49
4,5,7.5,0.6666666666666666,74
5,5,7.5,0.6666666666666666,103
6,5,7.5,0.6666666666666666,136
7,5,7.5,0.6666666666666666,164
8,4,7.5,0.5333333333333333,182
9,4,7.5,0.5333333333333333,189
10,4,7.5,0.5333333333333333,190
11,4,7.5,0.5333333333333333,194
12,3,7.5,0.4,197
13,3,7.5,0.4,198
14,3,7.5,0.4,200
15,3,7.5,0.4,200
16,3,7.5,0.4,204
17,2,7.5,0.26666666666666666,208
18,2,7.5,0.26666666666666666,209
19,1,7.5,0.13333333333333333,209
20,1,7.5,0.13333333333333333,209
1,5,7.5,0.6666666666666666,11
2,5,7.5,0.6666666666666666,29
3,5,7.5,0.6666666666666666,46
4,5,7.5,0.6666666666666666,70
5,5,7.5,0.6666666666666666,94
6,5,7.5,0.6666666666666666,116
7,4,7.5,0.5333333333333333,132
8,4,7.5,0.5333333333333333,163
9,4,7.5,0.5333333333333333,184
10,4,7.5,0.5333333333333333,199
11,3,7.5,0.4,215
12,3,7.5,0.4,234
13,3,7.5,0.4,247
14,3,7.5,0.4,250
15,2,7.5,0.26666666666666666,254
16,2,7.5,0.26666666666666666,254
17,2,7.5,0.26666666666666666,260
18,2,7.5,0.26666666666666666,262
19,2,7.5,0.26666666666666666,266
20,2,7.5,0.26666666666666666,270
21,2,7.5,0.26666666666666666,274
22,2,7.5,0.26666666666666666,275
23,2,7.5,0.26666666666666666,275
24,2,7.5,0.26666666666666666,275
1,5,7.5,0.6666666666666666,11
2,5,7.5,0.6666666666666666,41
3,5,7.5,0.6666666666666666,75
4,5,7.5,0.6666666666666666,107
5,5,7.5,0.6666666666666666,136
6,5,7.5,0.6666666666666666,154
7,5,7.5,0.6666666666666666,179
8,5,7.5,0.6666666666666666,208
9,3,7.5,0.4,229
10,3,7.5,0.4,246
11,3,7.5,0.4,257
12,3,7.5,0.4,259
13,3,7.5,0.4,264
14,2,7.5,0.26666666666666666,268
15,2,7.5,0.26666666666666666,271
16,2,7.5,0.26666666666666666,275
17,2,7.5,0.26666666666666666,281
18,2,7.5,0.26666666666666666,282
19,2,7.5,0.26666666666666666,285
20,2,7.5,0.26666666666666666,287
21,2,7.5,0.26666666666666666,288
22,2,7.5,0.26666666666666666,288
1,5,7.5,0.6666666666666666,5
2,5,7.5,0.6666666666666666,23
3,5,7.5,0.6666666666666666,45
4,4,7.5,0.5333333333333333,80
5,4,7.5,0.5333333333333333,109
6,4,7.5,0.5333333333333333,136
7,4,7.5,0.5333333333333333,152
8,4,7.5,0.5333333333333333,176
9,4,7.5,0.5333333333333333,204
10,4,7.5,0.5333333333333333,234
11,4,7.5,0.5333333333333333,250
12,4,7.5,0.5333333333333333,259
13,4,7.5,0.5333333333333333,267
14,3,7.5,0.4,272
15,3,7.5,0.4,276
16,2,7.5,0.26666666666666666,279
17,2,7.5,0.26666666666666666,282
18,2,7.5,0.26666666666666666,283
19,2,7.5,0.26666666666666666,284
20,1,7.5,0.13333333333333333,284
1,5,7.5,0.6666666666666666,12
2,5,7.5,0.6666666666666666,36
3,5,7.5,0.6666666666666666,57
4,5,7.5,0.6666666666666666,74
5,5,7.5,0.6666666666666666,89
6,5,7.5,0.6666666666666666,105
7,5,7.5,0.6666666666666666,115
8,4,7.5,0.5333333333333333,125
9,4,7.5,0.5333333333333333,134
10,4,7.5,0.5333333333333333,142
11,3,7.5,0.4,148
12,3,7.5,0.4,150
13,3,7.5,0.4,154
14,3,7.5,0.4,162
15,3,7.5,0.4,165
16,2,7.5,0.26666666666666666,169
17,1,7.5,0.13333333333333333,172
18,1,7.5,0.13333333333333333,174
19,1,7.5,0.13333333333333333,175
20,1,7.5,0.13333333333333333,176
21,1,7.5,0.13333333333333333,178
22,1,7.5,0.13333333333333333,178
23,1,7.5,0.13333333333333333,180
24,1,7.5,0.13333333333333333,181
1,5,7.5,0.6666666666666666,3
2,5,7.5,0.6666666666666666,12
3,5,7.5,0.6666666666666666,23
4,5,7.5,0.6666666666666666,48
5,5,7.5,0.6666666666666666,68
6,5,7.5,0.6666666666666666,89
7,5,7.5,0.6666666666666666,119
8,5,7.5,0.6666666666666666,144
9,5,7.5,0.6666666666666666,162
10,3,7.5,0.4,168
11,2,7.5,0.26666666666666666,175
12,2,7.5,0.26666666666666666,180
13,2,7.5,0.26666666666666666,181
14,2,7.5,0.26666666666666666,183
15,1,7.5,0.13333333333333333,186
16,1,7.5,0.13333333333333333,189
17,1,7.5,0.13333333333333333,189
18,1,7.5,0.13333333333333333,191
19,1,7.5,0.13333333333333333,192
20,1,7.5,0.13333333333333333,192
21,1,7.5,0.13333333333333333,192
1,5,7.5,0.6666666666666666,8
2,5,7.5,0.6666666666666666,22
3,5,7.5,0.6666666666666666,38
4,5,7.5,0.6666666666666666,61
5,5,7.5,0.6666666666666666,82
6,5,7.5,0.6666666666666666,105
7,4,7.5,0.5333333333333333,124
8,4,7.5,0.5333333333333333,151
9,4,7.5,0.5333333333333333,175
10,4,7.5,0.5333333333333333,190
11,3,7.5,0.4,207
12,3,7.5,0.4,222
13,3,7.5,0.4,233
14,3,7.5,0.4,235
15,2,7.5,0.26666666666666666,240
16,2,7.5,0.26666666666666666,241
17,2,7.5,0.26666666666666666,246
18,2,7.5,0.26666666666666666,250
19,2,7.5,0.26666666666666666,255
20,2,7.5,0.26666666666666666,262
21,2,7.5,0.26666666666666666,267
22,2,7.5,0.26666666666666666,268
23,2,7.5,0.26666666666666666,269
24,2,7.5,0.26666666666666666,269
1,5,7.5,0.6666666666666666,10
2,5,7.5,0.6666666666666666,38
3,5,7.5,0.6666666666666666,71
4,5,7.5,0.6666666666666666,106
5,5,7.5,0.6666666666666666,138
6,5,7.5,0.6666666666666666,167
7,5,7.5,0.6666666666666666,190
8,5,7.5,0.6666666666666666,217
9,3,7.5,0.4,239
10,3,7.5,0.4,258
11,3,7.5,0.4,271
12,3,7.5,0.4,274
13,3,7.5,0.4,279
14,2,7.5,0.26666666666666666,281
15,2,7.5,0.26666666666666666,283
16,2,7.5,0.26666666666666666,287
17,2,7.5,0.26666666666666666,293
18,2,7.5,0.26666666666666666,294
19,2,7.5,0.26666666666666666,299
20,2,7.5,0.26666666666666666,302
21,2,7.5,0.26666666666666666,304
22,2,7.5,0.26666666666666666,304
1,5,7.5,0.6666666666666666,5
2,5,7.5,0.6666666666666666,19
3,5,7.5,0.6666666666666666,33
4,5,7.5,0.6666666666666666,53
5,5,7.5,0.6666666666666666,71
6,4,7.5,0.5333333333333333,85
7,4,7.5,0.5333333333333333,101
8,4,7.5,0.5333333333333333,123
9,3,7.5,0.4,140
10,3,7.5,0.4,157
11,3,7.5,0.4,171
12,3,7.5,0.4,182
13,3,7.5,0.4,190
14,3,7.5,0.4,201
15,3,7.5,0.4,215
16,3,7.5,0.4,224
17,3,7.5,0.4,226
18,3,7.5,0.4,227
19,2,7.5,0.26666666666666666,234
20,2,7.5,0.26666666666666666,237
21,2,7.5,0.26666666666666666,239
22,2,7.5,0.26666666666666666,240
23,1,7.5,0.13333333333333333,241
24,1,7.5,0.13333333333333333,241
25,1,7.5,0.13333333333333333,241
1,5,7.5,0.6666666666666666,9
2,5,7.5,0.6666666666666666,27
3,4,7.5,0.5333333333333333,48
4,4,7.5,0.5333333333333333,62
5,4,7.5,0.5333333333333333,71
6,4,7.5,0.5333333333333333,77
7,4,7.5,0.5333333333333333,89
8,3,7.5,0.4,100
9,3,7.5,0.4,109
10,3,7.5,0.4,115
11,3,7.5,0.4,121
12,1,7.5,0.13333333333333333,126
1,5,7.5,0.6666666666666666,7
2,5,7.5,0.6666666666666666,23
3,5,7.5,0.6666666666666666,58
4,5,7.5,0.6666666666666666,87
5,4,7.5,0.5333333333333333,109
6,4,7.5,0.5333333333333333,137
7,4,7.5,0.5333333333333333,163
8,4,7.5,0.5333333333333333,199
9,4,7.5,0.5333333333333333,226
10,4,7.5,0.5333333333333333,258
11,3,7.5,0.4,283
12,3,7.5,0.4,300
13,3,7.5,0.4,314
14,3,7.5,0.4,325
15,3,7.5,0.4,326
16,2,7.5,0.26666666666666666,331
17,2,7.5,0.26666666666666666,332
18,2,7.5,0.26666666666666666,335
19,1,7.5,0.13333333333333333,335
1,5,7.5,0.6666666666666666,9
2,5,7.5,0.6666666666666666,35
3,5,7.5,0.6666666666666666,70
4,5,7.5,0.6666666666666666,104
5,5,7.5,0.6666666666666666,133
6,5,7.5,0.6666666666666666,158
7,5,7.5,0.6666666666666666,181
8,5,7.5,0.6666666666666666,201
9,3,7.5,0.4,219
10,3,7.5,0.4,235
11,3,7.5,0.4,247
12,3,7.5,0.4,250
13,3,7.5,0.4,255
14,2,7.5,0.26666666666666666,258
15,2,7.5,0.26666666666666666,260
16,2,7.5,0.26666666666666666,264
17,2,7.5,0.26666666666666666,269
18,2,7.5,0.26666666666666666,271
19,2,7.5,0.26666666666666666,275
20,2,7.5,0.26666666666666666,277
21,2,7.5,0.26666666666666666,278
22,2,7.5,0.26666666666666666,278
1,5,7.5,0.6666666666666666,7
2,5,7.5,0.6666666666666666,25
3,5,7.5,0.6666666666666666,43
4,5,7.5,0.6666666666666666,64
5,5,7.5,0.6666666666666666,90
6,5,7.5,0.6666666666666666,115
7,4,7.5,0.5333333333333333,135
8,4,7.5,0.5333333333333333,165
9,4,7.5,0.5333333333333333,185
10,4,7.5,0.5333333333333333,199
11,3,7.5,0.4,212
12,3,7.5,0.4,229
13,3,7.5,0.4,240
14,3,7.5,0.4,240
15,2,7.5,0.26666666666666666,246
16,2,7.5,0.26666666666666666,247
17,2,7.5,0.26666666666666666,252
18,2,7.5,0.26666666666666666,254
19,2,7.5,0.26666666666666666,261
20,2,7.5,0.26666666666666666,267
21,2,7.5,0.26666666666666666,270
22,2,7.5,0.26666666666666666,271
23,2,7.5,0.26666666666666666,271
24,2,7.5,0.26666666666666666,271
1,5,7.5,0.6666666666666666,3
2,5,7.5,0.6666666666666666,16
3,5,7.5,0.6666666666666666,30
4,5,7.5,0.6666666666666666,49
5,5,7.5,0.6666666666666666,67
6,4,7.5,0.5333333333333333,79
7,4,7.5,0.5333333333333333,93
8,4,7.5,0.5333333333333333,113
9,3,7.5,0.4,131
10,3,7.5,0.4,147
11,3,7.5,0.4,161
12,3,7.5,0.4,173
13,3,7.5,0.4,180
14,3,7.5,0.4,190
15,3,7.5,0.4,201
16,3,7.5,0.4,210
17,3,7.5,0.4,214
18,3,7.5,0.4,215
19,2,7.5,0.26666666666666666,221
20,2,7.5,0.26666666666666666,222
21,2,7.5,0.26666666666666666,224
22,2,7.5,0.26666666666666666,226
23,1,7.5,0.13333333333333333,227
24,1,7.5,0.13333333333333333,228
25,1,7.5,0.13333333333333333,228
1,10,15.0,0.6666666666666666,11
2,10,15.0,0.6666666666666666,67
3,10,15.0,0.6666666666666666,117
4,10,15.0,0.6666666666666666,157
5,10,15.0,0.6666666666666666,192
6,9,15.0,0.6,220
7,9,15.0,0.6,244
8,8,15.0,0.5333333333333333,265
9,7,15.0,0.4666666666666667,287
10,7,15.0,0.4666666666666667,299
11,7,15.0,0.4666666666666667,308
12,7,15.0,0.4666666666666667,317
13,6,15.0,0.4,318
14,6,15.0,0.4,318
15,4,15.0,0.26666666666666666,325
16,4,15.0,0.26666666666666666,329
17,4,15.0,0.26666666666666666,333
18,3,15.0,0.2,333
19,2,15.0,0.13333333333333333,333
20,1,15.0,0.06666666666666667,333
1,10,15.0,0.6666666666666666,11
2,10,15.0,0.6666666666666666,61
3,9,15.0,0.6,116
4,9,15.0,0.6,176
5,9,15.0,0.6,233
6,9,15.0,0.6,270
7,8,15.0,0.5333333333333333,313
8,7,15.0,0.4666666666666667,370
9,7,15.0,0.4666666666666667,397
10,6,15.0,0.4,436
11,6,15.0,0.4,462
12,6,15.0,0.4,480
13,6,15.0,0.4,498
14,4,15.0,0.26666666666666666,503
15,4,15.0,0.26666666666666666,513
16,3,15.0,0.2,525
17,3,15.0,0.2,533
18,3,15.0,0.2,548
19,2,15.0,0.13333333333333333,555
1,10,15.0,0.6666666666666666,18
2,10,15.0,0.6666666666666666,76
3,10,15.0,0.6666666666666666,143
4,10,15.0,0.6666666666666666,222
5,8,15.0,0.5333333333333333,278
6,8,15.0,0.5333333333333333,322
7,8,15.0,0.5333333333333333,356
8,8,15.0,0.5333333333333333,376
9,7,15.0,0.4666666666666667,391
10,7,15.0,0.4666666666666667,402
11,5,15.0,0.3333333333333333,426
12,4,15.0,0.26666666666666666,439
13,4,15.0,0.26666666666666666,448
14,4,15.0,0.26666666666666666,460
15,4,15.0,0.26666666666666666,483
16,3,15.0,0.2,495
17,3,15.0,0.2,506
18,2,15.0,0.13333333333333333,509
19,2,15.0,0.13333333333333333,515
1,10,15.0,0.6666666666666666,11
2,10,15.0,0.6666666666666666,59
3,10,15.0,0.6666666666666666,94
4,10,15.0,0.6666666666666666,155
5,10,15.0,0.6666666666666666,205
6,9,15.0,0.6,252
7,8,15.0,0.5333333333333333,297
8,7,15.0,0.4666666666666667,332
9,7,15.0,0.4666666666666667,376
10,7,15.0,0.4666666666666667,406
11,6,15.0,0.4,421
12,6,15.0,0.4,435
13,6,15.0,0.4,440
14,6,15.0,0.4,445
15,5,15.0,0.3333333333333333,455
16,4,15.0,0.26666666666666666,460
17,2,15.0,0.13333333333333333,466
18,2,15.0,0.13333333333333333,471
19,2,15.0,0.13333333333333333,477
1,10,15.0,0.6666666666666666,10
2,8,15.0,0.5333333333333333,38
3,8,15.0,0.5333333333333333,90
4,7,15.0,0.4666666666666667,141
5,6,15.0,0.4,190
6,6,15.0,0.4,235
7,6,15.0,0.4,266
8,6,15.0,0.4,305
9,6,15.0,0.4,336
10,5,15.0,0.3333333333333333,367
11,5,15.0,0.3333333333333333,392
12,5,15.0,0.3333333333333333,402
13,5,15.0,0.3333333333333333,418
14,5,15.0,0.3333333333333333,433
15,4,15.0,0.26666666666666666,439
16,2,15.0,0.13333333333333333,450
17,2,15.0,0.13333333333333333,458
18,1,15.0,0.06666666666666667,462
19,1,15.0,0.06666666666666667,463
1,10,15.0,0.6666666666666666,15
2,9,15.0,0.6,55
3,8,15.0,0.5333333333333333,115
4,8,15.0,0.5333333333333333,165
5,8,15.0,0.5333333333333333,218
6,8,15.0,0.5333333333333333,251
7,8,15.0,0.5333333333333333,285
8,7,15.0,0.4666666666666667,319
9,7,15.0,0.4666666666666667,353
10,7,15.0,0.4666666666666667,378
11,6,15.0,0.4,405
12,5,15.0,0.3333333333333333,428
13,5,15.0,0.3333333333333333,442
14,5,15.0,0.3333333333333333,457
15,4,15.0,0.26666666666666666,469
16,4,15.0,0.26666666666666666,473
17,3,15.0,0.2,478
18,3,15.0,0.2,481
19,3,15.0,0.2,486
20,1,15.0,0.06666666666666667,487
1,10,15.0,0.6666666666666666,13
2,10,15.0,0.6666666666666666,70
3,10,15.0,0.6666666666666666,120
4,10,15.0,0.6666666666666666,157
5,10,15.0,0.6666666666666666,189
6,9,15.0,0.6,217
7,9,15.0,0.6,237
8,8,15.0,0.5333333333333333,262
9,7,15.0,0.4666666666666667,282
10,7,15.0,0.4666666666666667,293
11,7,15.0,0.4666666666666667,302
12,7,15.0,0.4666666666666667,311
13,6,15.0,0.4,315
14,6,15.0,0.4,315
15,4,15.0,0.26666666666666666,321
16,4,15.0,0.26666666666666666,325
17,4,15.0,0.26666666666666666,328
18,3,15.0,0.2,328
19,2,15.0,0.13333333333333333,329
20,1,15.0,0.06666666666666667,329
1,10,15.0,0.6666666666666666,15
2,10,15.0,0.6666666666666666,69
3,10,15.0,0.6666666666666666,140
4,10,15.0,0.6666666666666666,220
5,8,15.0,0.5333333333333333,271
6,8,15.0,0.5333333333333333,311
7,8,15.0,0.5333333333333333,343
8,8,15.0,0.5333333333333333,361
9,7,15.0,0.4666666666666667,377
10,7,15.0,0.4666666666666667,388
11,5,15.0,0.3333333333333333,414
12,4,15.0,0.26666666666666666,427
13,4,15.0,0.26666666666666666,437
14,4,15.0,0.26666666666666666,450
15,4,15.0,0.26666666666666666,473
16,3,15.0,0.2,484
17,3,15.0,0.2,495
18,2,15.0,0.13333333333333333,497
19,2,15.0,0.13333333333333333,501
1,10,15.0,0.6666666666666666,10
2,10,15.0,0.6666666666666666,60
3,9,15.0,0.6,117
4,9,15.0,0.6,177
5,9,15.0,0.6,229
6,9,15.0,0.6,271
7,8,15.0,0.5333333333333333,330
8,7,15.0,0.4666666666666667,385
9,7,15.0,0.4666666666666667,419
10,6,15.0,0.4,458
11,6,15.0,0.4,487
12,6,15.0,0.4,504
13,6,15.0,0.4,525
14,4,15.0,0.26666666666666666,529
15,4,15.0,0.26666666666666666,538
16,3,15.0,0.2,549
17,3,15.0,0.2,557
18,3,15.0,0.2,572
19,2,15.0,0.13333333333333333,576
1,10,15.0,0.6666666666666666,10
2,10,15.0,0.6666666666666666,59
3,10,15.0,0.6666666666666666,92
4,10,15.0,0.6666666666666666,153
5,10,15.0,0.6666666666666666,201
6,9,15.0,0.6,248
7,8,15.0,0.5333333333333333,297
8,7,15.0,0.4666666666666667,335
9,7,15.0,0.4666666666666667,376
10,7,15.0,0.4666666666666667,407
11,6,15.0,0.4,420
12,6,15.0,0.4,433
13,6,15.0,0.4,438
14,6,15.0,0.4,442
15,5,15.0,0.3333333333333333,455
16,4,15.0,0.26666666666666666,460
17,2,15.0,0.13333333333333333,468
18,2,15.0,0.13333333333333333,472
19,2,15.0,0.13333333333333333,478
1,10,15.0,0.6666666666666666,10
2,8,15.0,0.5333333333333333,41
3,8,15.0,0.5333333333333333,98
4,7,15.0,0.4666666666666667,152
5,6,15.0,0.4,202
6,6,15.0,0.4,241
7,6,15.0,0.4,270
8,6,15.0,0.4,309
9,6,15.0,0.4,334
10,5,15.0,0.3333333333333333,365
11,5,15.0,0.3333333333333333,389
12,5,15.0,0.3333333333333333,401
13,5,15.0,0.3333333333333333,418
14,5,15.0,0.3333333333333333,433
15,4,15.0,0.26666666666666666,437
16,2,15.0,0.13333333333333333,448
17,2,15.0,0.13333333333333333,456
18,1,15.0,0.06666666666666667,460
19,1,15.0,0.06666666666666667,460
1,10,15.0,0.6666666666666666,12
2,9,15.0,0.6,52
3,8,15.0,0.5333333333333333,106
4,8,15.0,0.5333333333333333,160
5,8,15.0,0.5333333333333333,206
6,8,15.0,0.5333333333333333,244
7,8,15.0,0.5333333333333333,277
8,7,15.0,0.4666666666666667,308
9,7,15.0,0.4666666666666667,340
10,7,15.0,0.4666666666666667,365
11,6,15.0,0.4,389
12,5,15.0,0.3333333333333333,412
13,5,15.0,0.3333333333333333,427
14,5,15.0,0.3333333333333333,443
15,4,15.0,0.26666666666666666,456
16,4,15.0,0.26666666666666666,459
17,3,15.0,0.2,466
18,3,15.0,0.2,468
19,3,15.0,0.2,474
20,1,15.0,0.06666666666666667,476
1,10,15.0,0.6666666666666666,12
2,10,15.0,0.6666666666666666,73
3,10,15.0,0.6666666666666666,123
4,10,15.0,0.6666666666666666,159
5,10,15.0,0.6666666666666666,189
6,9,15.0,0.6,210
7,9,15.0,0.6,229
8,8,15.0,0.5333333333333333,250
9,7,15.0,0.4666666666666667,270
10,7,15.0,0.4666666666666667,281
11,7,15.0,0.4666666666666667,287
12,7,15.0,0.4666666666666667,294
13,6,15.0,0.4,296
14,6,15.0,0.4,296
15,4,15.0,0.26666666666666666,301
16,4,15.0,0.26666666666666666,305
17,4,15.0,0.26666666666666666,309
18,3,15.0,0.2,310
19,2,15.0,0.13333333333333333,310
20,1,15.0,0.06666666666666667,310
1,10,15.0,0.6666666666666666,19
2,10,15.0,0.6666666666666666,71
3,10,15.0,0.6666666666666666,135
4,10,15.0,0.6666666666666666,214
5,8,15.0,0.5333333333333333,264
6,8,15.0,0.5333333333333333,304
7,8,15.0,0.5333333333333333,337
8,8,15.0,0.5333333333333333,358
9,7,15.0,0.4666666666666667,373
10,7,15.0,0.4666666666666667,384
11,5,15.0,0.3333333333333333,405
12,4,15.0,0.26666666666666666,420
13,4,15.0,0.26666666666666666,428
14,4,15.0,0.26666666666666666,440
15,4,15.0,0.26666666666666666,460
16,3,15.0,0.2,471
17,3,15.0,0.2,482
18,2,15.0,0.13333333333333333,485
19,2,15.0,0.13333333333333333,491
1,10,15.0,0.6666666666666666,10
2,10,15.0,0.6666666666666666,57
3,9,15.0,0.6,118
4,9,15.0,0.6,177
5,9,15.0,0.6,228
6,9,15.0,0.6,265
7,8,15.0,0.5333333333333333,325
8,7,15.0,0.4666666666666667,373
9,7,15.0,0.4666666666666667,408
10,6,15.0,0.4,450
11,6,15.0,0.4,479
12,6,15.0,0.4,497
13,6,15.0,0.4,518
14,4,15.0,0.26666666666666666,523
15,4,15.0,0.26666666666666666,534
16,3,15.0,0.2,544
17,3,15.0,0.2,550
18,3,15.0,0.2,564
19,2,15.0,0.13333333333333333,568
1,10,15.0,0.6666666666666666,7
2,8,15.0,0.5333333333333333,39
3,8,15.0,0.5333333333333333,94
4,7,15.0,0.4666666666666667,151
5,6,15.0,0.4,197
6,6,15.0,0.4,241
7,6,15.0,0.4,271
8,6,15.0,0.4,310
9,6,15.0,0.4,337
10,5,15.0,0.3333333333333333,369
11,5,15.0,0.3333333333333333,394
12,5,15.0,0.3333333333333333,407
13,5,15.0,0.3333333333333333,424
14,5,15.0,0.3333333333333333,440
15,4,15.0,0.26666666666666666,447
16,2,15.0,0.13333333333333333,458
17,2,15.0,0.13333333333333333,464
18,1,15.0,0.06666666666666667,469
19,1,15.0,0.06666666666666667,471
1,10,15.0,0.6666666666666666,10
2,10,15.0,0.6666666666666666,59
3,10,15.0,0.6666666666666666,91
4,10,15.0,0.6666666666666666,155
5,10,15.0,0.6666666666666666,203
6,9,15.0,0.6,247
7,8,15.0,0.5333333333333333,297
8,7,15.0,0.4666666666666667,329
9,7,15.0,0.4666666666666667,369
10,7,15.0,0.4666666666666667,396
11,6,15.0,0.4,412
12,6,15.0,0.4,425
13,6,15.0,0.4,437
14,6,15.0,0.4,443
15,5,15.0,0.3333333333333333,455
16,4,15.0,0.26666666666666666,460
17,2,15.0,0.13333333333333333,468
18,2,15.0,0.13333333333333333,473
19,2,15.0,0.13333333333333333,480
1,10,15.0,0.6666666666666666,21
2,10,15.0,0.6666666666666666,84
3,9,15.0,0.6,153
4,9,15.0,0.6,212
5,8,15.0,0.5333333333333333,242
6,8,15.0,0.5333333333333333,268
7,8,15.0,0.5333333333333333,292
8,7,15.0,0.4666666666666667,293
9,6,15.0,0.4,309
10,6,15.0,0.4,319
11,6,15.0,0.4,328
12,5,15.0,0.3333333333333333,360
13,4,15.0,0.26666666666666666,371
14,4,15.0,0.26666666666666666,387
15,4,15.0,0.26666666666666666,406
16,4,15.0,0.26666666666666666,418
17,4,15.0,0.26666666666666666,427
18,4,15.0,0.26666666666666666,431
19,2,15.0,0.13333333333333333,433
20,1,15.0,0.06666666666666667,433
1,10,15.0,0.6666666666666666,14
2,9,15.0,0.6,61
3,8,15.0,0.5333333333333333,121
4,8,15.0,0.5333333333333333,178
5,8,15.0,0.5333333333333333,229
6,8,15.0,0.5333333333333333,265
7,8,15.0,0.5333333333333333,304
8,7,15.0,0.4666666666666667,337
9,7,15.0,0.4666666666666667,367
10,7,15.0,0.4666666666666667,393
11,6,15.0,0.4,417
12,5,15.0,0.3333333333333333,440
13,5,15.0,0.3333333333333333,456
14,5,15.0,0.3333333333333333,469
15,4,15.0,0.26666666666666666,482
16,4,15.0,0.26666666666666666,488
17,3,15.0,0.2,493
18,3,15.0,0.2,494
19,3,15.0,0.2,498
20,1,15.0,0.06666666666666667,499
1,10,15.0,0.6666666666666666,10
2,10,15.0,0.6666666666666666,58
3,9,15.0,0.6,111
4,9,15.0,0.6,168
5,9,15.0,0.6,224
6,9,15.0,0.6,264
7,8,15.0,0.5333333333333333,307
8,7,15.0,0.4666666666666667,355
9,7,15.0,0.4666666666666667,387
10,6,15.0,0.4,428
11,6,15.0,0.4,455
12,6,15.0,0.4,473
13,6,15.0,0.4,491
14,4,15.0,0.26666666666666666,495
15,4,15.0,0.26666666666666666,505
16,3,15.0,0.2,516
17,3,15.0,0.2,523
18,3,15.0,0.2,535
19,2,15.0,0.13333333333333333,541
1,10,15.0,0.6666666666666666,20
2,10,15.0,0.6666666666666666,78
3,10,15.0,0.6666666666666666,147
4,10,15.0,0.6666666666666666,227
5,8,15.0,0.5333333333333333,277
6,8,15.0,0.5333333333333333,313
7,8,15.0,0.5333333333333333,345
8,8,15.0,0.5333333333333333,365
9,7,15.0,0.4666666666666667,378
10,7,15.0,0.4666666666666667,393
11,5,15.0,0.3333333333333333,416
12,4,15.0,0.26666666666666666,429
13,4,15.0,0.26666666666666666,438
14,4,15.0,0.26666666666666666,450
15,4,15.0,0.26666666666666666,468
16,3,15.0,0.2,479
17,3,15.0,0.2,491
18,2,15.0,0.13333333333333333,494
19,2,15.0,0.13333333333333333,500
1,10,15.0,0.6666666666666666,8
2,8,15.0,0.5333333333333333,38
3,8,15.0,0.5333333333333333,84
4,7,15.0,0.4666666666666667,133
5,6,15.0,0.4,183
6,6,15.0,0.4,226
7,6,15.0,0.4,260
8,6,15.0,0.4,296
9,6,15.0,0.4,321
10,5,15.0,0.3333333333333333,356
11,5,15.0,0.3333333333333333,376
12,5,15.0,0.3333333333333333,387
13,5,15.0,0.3333333333333333,403
14,5,15.0,0.3333333333333333,418
15,4,15.0,0.26666666666666666,422
16,2,15.0,0.13333333333333333,431
17,2,15.0,0.13333333333333333,439
18,1,15.0,0.06666666666666667,444
19,1,15.0,0.06666666666666667,445
1,10,15.0,0.6666666666666666,19
2,10,15.0,0.6666666666666666,82
3,9,15.0,0.6,149
4,9,15.0,0.6,204
5,8,15.0,0.5333333333333333,232
6,8,15.0,0.5333333333333333,257
7,8,15.0,0.5333333333333333,280
8,7,15.0,0.4666666666666667,280
9,6,15.0,0.4,296
10,6,15.0,0.4,306
11,6,15.0,0.4,315
12,5,15.0,0.3333333333333333,343
13,4,15.0,0.26666666666666666,352
14,4,15.0,0.26666666666666666,368
15,4,15.0,0.26666666666666666,390
16,4,15.0,0.26666666666666666,401
17,4,15.0,0.26666666666666666,411
18,4,15.0,0.26666666666666666,414
19,2,15.0,0.13333333333333333,415
20,1,15.0,0.06666666666666667,415
